-- phpMyAdmin SQL Dump
-- version 4.8.3
-- https://www.phpmyadmin.net/
--
-- Host: 127.0.0.1
-- Generation Time: Jan 04, 2020 at 07:47 AM
-- Server version: 10.1.37-MariaDB
-- PHP Version: 7.2.12

SET SQL_MODE = "NO_AUTO_VALUE_ON_ZERO";
SET AUTOCOMMIT = 0;
START TRANSACTION;
SET time_zone = "+00:00";


/*!40101 SET @OLD_CHARACTER_SET_CLIENT=@@CHARACTER_SET_CLIENT */;
/*!40101 SET @OLD_CHARACTER_SET_RESULTS=@@CHARACTER_SET_RESULTS */;
/*!40101 SET @OLD_COLLATION_CONNECTION=@@COLLATION_CONNECTION */;
/*!40101 SET NAMES utf8mb4 */;

--
-- Database: `slpengdb`
--

-- --------------------------------------------------------

--
-- Table structure for table `batch`
--

CREATE TABLE `batch` (
  `year` varchar(6) NOT NULL,
  `numberOfStud` int(5) NOT NULL
) ENGINE=InnoDB DEFAULT CHARSET=latin1;

--
-- Dumping data for table `batch`
--

INSERT INTO `batch` (`year`, `numberOfStud`) VALUES
('2016', 120);

-- --------------------------------------------------------

--
-- Table structure for table `course`
--

CREATE TABLE `course` (
  `courceCode` varchar(7) NOT NULL,
  `title` varchar(200) NOT NULL,
  `gpaContribution` tinyint(1) NOT NULL,
  `credits` int(2) NOT NULL,
  `depCode` varchar(5) NOT NULL,
  `preVisit` varchar(200) DEFAULT NULL
) ENGINE=InnoDB DEFAULT CHARSET=latin1;

--
-- Dumping data for table `course`
--

INSERT INTO `course` (`courceCode`, `title`, `gpaContribution`, `credits`, `depCode`, `preVisit`) VALUES
('CE1201', 'Properties of Materials', 1, 2, 'CM', NULL),
('CE1202', 'Introduction to Fluid Mechanics', 1, 2, 'CM', NULL),
('CO1201', 'Introduction to Computer System', 1, 2, 'CO', NULL),
('CO1302', 'Programming for Engineers', 1, 3, 'CO', NULL),
('CO2105', 'Filed Visit', 1, 1, 'CO', NULL),
('CO2201', 'Data Structures and Algorithms1212', 1, 2, 'CO', NULL),
('CO2202', 'Computer Organization', 1, 2, 'CO', NULL),
('CO2203', 'Object Oriented Programming', 1, 2, 'CO', NULL),
('CO2204', 'Data Communication', 1, 2, 'CO', NULL),
('CO2206', 'Operating Systems', 1, 2, 'CO', NULL),
('CO2208', 'Computer Networks', 1, 2, 'CO', NULL),
('CO2209', 'Embedded Systems', 1, 2, 'CO', NULL),
('CO2210', 'Programming Quest', 1, 2, 'CO', NULL),
('CO2307', 'Software Engineering', 1, 3, 'CO', NULL),
('CO3201', 'Database Systems', 1, 2, 'CO', NULL),
('CO3203', 'Computer Security', 1, 2, 'CO', NULL),
('CO3204', ' Robotic Design', 1, 2, 'CO', NULL),
('CO3205', ' Intelligent systems', 1, 2, 'CO', NULL),
('CO3251', ' Natural Language Processing', 1, 2, 'CO', NULL),
('CO3252', ' Management Information Systems', 1, 2, 'CO', NULL),
('CO3255', ' Information Security', 1, 2, 'CO', NULL),
('CO3256', ' Quality Engineering', 1, 2, 'CO', NULL),
('CO3261', ' Cloud Computing and Applications', 1, 2, 'CO', NULL),
('CO3262', ' Advanced Computer Architecture', 1, 2, 'CO', NULL),
('CO3264', ' Advanced Operating Systems', 1, 2, 'CO', NULL),
('CO3265', ' Parallel Programming ', 1, 2, 'CO', NULL),
('CO3302', ' Computer Engineering Project', 1, 3, 'CO', NULL),
('CO3353', ' Data Mining', 1, 3, 'CO', NULL),
('CO3554', ' Data Management Project', 1, 3, 'CO', NULL),
('CO35541', ' Data Management Project', 1, 2, 'CO', NULL),
('CO3563', ' High Performance Computing Project', 1, 3, 'CO', NULL),
('CO35631', ' High Performance Computing Project', 1, 2, 'CO', NULL),
('CO4002', ' Engineering Project', 1, 4, 'CO', NULL),
('CO40021', ' Engineering Project', 1, 6, 'CO', NULL),
('CO4203', ' Micro Controllers and Applications', 1, 2, 'CO', NULL),
('CO4204', ' Computer Vision and Image Processing', 1, 2, 'CO', NULL),
('CO4205', ' Compilers ', 1, 2, 'CO', NULL),
('CO4254', ' Machine Learning ', 1, 2, 'CO', NULL),
('CO4255', ' Bioinformatics ', 1, 2, 'CO', NULL),
('CO4256', ' Mobile Application Development', 1, 2, 'CO', NULL),
('CO4263', ' Scientifc Computing ', 1, 2, 'CO', NULL),
('CO4301', ' Individual Research/Design Project', 1, 3, 'CO', NULL),
('CO4306', ' Software Architecture and Design ', 1, 3, 'CO', NULL),
('CO4351', ' Advanced Database Systems', 1, 3, 'CO', NULL),
('CO4352', ' Advanced Algorithms ', 1, 3, 'CO', NULL),
('CO4353', ' Distributed Systems ', 1, 3, 'CO', NULL),
('CO4361', ' Concurrent Processing', 1, 3, 'CO', NULL),
('CO4362', ' GPU Programming', 1, 3, 'CO', NULL),
('CO4444', 'cha', 1, 2, 'CO', NULL),
('CO5555', 'adare', 1, 25, 'CO', NULL),
('EE1201', 'Electricity', 1, 2, 'EE', NULL),
('EE1302', 'Electronics', 1, 3, 'EE', NULL),
('EE2206', 'Circuit Theory', 1, 2, 'EE', NULL),
('IS1151', 'English for Communication', 0, 2, 'IS', NULL),
('IS1152', 'Presentation Skills English', 0, 1, 'IS', NULL),
('IS1171', 'History of Science and Technology', 0, 1, 'IS', NULL),
('IS1281', 'Engineering Measurement', 1, 2, 'IS', NULL),
('IS1301', 'Engineering Mathematics 1', 1, 3, 'IS', NULL),
('IS1302', 'Engineering Mathematics II', 1, 3, 'IS', NULL),
('IS2202', 'Engineering Mathematics IV', 1, 2, 'IS', NULL),
('IS2261', 'Accounting for Engineers', 1, 2, 'IS', NULL),
('IS2262', 'Economics and Management', 1, 2, 'IS', NULL),
('IS2301', 'Engineering Mathematics III', 1, 3, 'IS', NULL),
('IS2303', 'Engineering Mathematics V', 1, 3, 'IS', NULL),
('IS3151', ' Technical Writing ', 1, 1, 'IS', NULL),
('IS3162', ' Intellectual Property ', 0, 1, 'IS', NULL),
('IS3171', ' Sri Lankan History and Culture', 0, 1, 'IS', NULL),
('IS3172', ' Ethnic Cohesion and Social Harmony ', 0, 1, 'IS', NULL),
('IS3173', ' Tamil ', 0, 1, 'IS', NULL),
('IS3175', ' Introduction to Philosophy', 0, 1, 'IS', NULL),
('IS3176', ' Scientifc Method', 0, 1, 'IS', NULL),
('IS3177', ' Introduction to Psychology and Human Behaviour', 0, 1, 'IS', NULL),
('IS3201', ' Algorithms and Optimization Methods', 0, 2, 'IS', NULL),
('IS3202', ' Discrete Mathematics ', 1, 2, 'IS', NULL),
('IS3203', ' Newtonian Mechanics and Lagrangian Dynamics', 0, 2, 'IS', NULL),
('IS3204', ' Mathematical Modelling and Simulation ', 0, 2, 'IS', NULL),
('IS3205', ' Operations Research ', 1, 2, 'IS', NULL),
('IS3206', ' Advanced Probability and Statistical Analysis', 0, 2, 'IS', NULL),
('IS3207', ' Time Series and Stochastic Processes', 0, 2, 'IS', NULL),
('IS3208', ' Linear Models and Multivariate Statistics', 0, 2, 'IS', NULL),
('IS3261', ' Quantitative Methods in Management ', 0, 2, 'IS', NULL),
('IS3263 ', 'Industrial Law ', 1, 2, 'IS', NULL),
('IS3264', ' Management for Engineers', 1, 2, 'IS', NULL),
('IS4161', ' Sustainability and Disaster Management ', 1, 1, 'IS', NULL),
('IS4171', ' Ethics in Engineering ', 1, 1, 'IS', NULL),
('ME1202', 'Introduction to Thermodynamics', 1, 2, 'ME', NULL),
('ME1301', 'Engineering Machanics', 1, 3, 'ME', NULL),
('ME1303', 'Basic Manufacturing Processes', 1, 3, 'ME', NULL),
('ME1304', 'Engineering Drowing', 1, 3, 'ME', NULL),
('ME2208', 'Theory of Control Systems', 1, 2, 'ME', NULL);

-- --------------------------------------------------------

--
-- Table structure for table `data`
--

CREATE TABLE `data` (
  `id` int(10) UNSIGNED NOT NULL,
  `created_at` timestamp NULL DEFAULT NULL,
  `updated_at` timestamp NULL DEFAULT NULL
) ENGINE=InnoDB DEFAULT CHARSET=utf8mb4 COLLATE=utf8mb4_unicode_ci;

-- --------------------------------------------------------

--
-- Table structure for table `department`
--

CREATE TABLE `department` (
  `dep_code` varchar(5) NOT NULL,
  `Name` varchar(255) NOT NULL,
  `status` varchar(100) NOT NULL
) ENGINE=InnoDB DEFAULT CHARSET=latin1;

--
-- Dumping data for table `department`
--

INSERT INTO `department` (`dep_code`, `Name`, `status`) VALUES
('CE', 'Civil Engi', 'Civil Engineering specializes in a broad spectrum of engineering aspects including\r\nenvisioning, pla'),
('CM', 'Common Cur', 'Common for all Studinets COnducted in firstYear'),
('CO', 'Computer E', 'The Department of Computer Engineering ofers courses to undergraduates from\r\nfundamentals to complex'),
('EE', 'Electrical', 'The Specialization spans all scales of electrical and electronic engineering, from the\r\nfundamentals'),
('IS', 'Interdisci', 'not'),
('ME', 'Mechanical', 'The causes ofered by the Department of Mechanical Engineering is\r\ndesigned to give students the broa');

-- --------------------------------------------------------

--
-- Table structure for table `elective`
--

CREATE TABLE `elective` (
  `eid` int(10) NOT NULL,
  `min_selction` int(10) NOT NULL,
  `sdid` int(10) NOT NULL,
  `courceCode` varchar(10) NOT NULL
) ENGINE=InnoDB DEFAULT CHARSET=latin1;

-- --------------------------------------------------------

--
-- Table structure for table `enroll`
--

CREATE TABLE `enroll` (
  `indexNo` varchar(12) NOT NULL,
  `couceCode` varchar(7) NOT NULL,
  `result` varchar(3) NOT NULL,
  `sid` int(5) NOT NULL
) ENGINE=InnoDB DEFAULT CHARSET=latin1;

--
-- Dumping data for table `enroll`
--

INSERT INTO `enroll` (`indexNo`, `couceCode`, `result`, `sid`) VALUES
('16/ENG/001', 'CE1201', 'B', 9),
('16/ENG/001', 'CO1201', 'A-', 9),
('16/ENG/001', 'CO1302', 'A-', 10),
('16/ENG/001', 'EE1201', 'B+', 9),
('16/ENG/001', 'EE1302', 'B', 10),
('16/ENG/001', 'IS1281', 'B', 9),
('16/ENG/001', 'IS1301', 'A', 9),
('16/ENG/001', 'IS1302', 'B', 10),
('16/ENG/001', 'ME1202', 'A-', 9),
('16/ENG/001', 'ME1301', 'A-', 9),
('16/ENG/001', 'ME1303', 'B+', 10),
('16/ENG/001', 'ME1304', 'B', 10),
('16/ENG/002', 'CE1201', 'A', 9),
('16/ENG/002', 'CO1201', 'A', 9),
('16/ENG/002', 'CO1302', 'A-', 10),
('16/ENG/002', 'EE1201', 'A+', 9),
('16/ENG/002', 'EE1302', 'A', 10),
('16/ENG/002', 'IS1281', 'B', 9),
('16/ENG/002', 'IS1301', 'A+', 9),
('16/ENG/002', 'IS1302', 'A-', 10),
('16/ENG/002', 'ME1202', 'B', 9),
('16/ENG/002', 'ME1301', 'A', 9),
('16/ENG/002', 'ME1303', 'B+', 10),
('16/ENG/002', 'ME1304', 'A', 10),
('16/ENG/003', 'CE1201', 'A', 9),
('16/ENG/003', 'CO1201', 'A-', 9),
('16/ENG/003', 'CO1302', 'B+', 10),
('16/ENG/003', 'EE1201', 'A-', 9),
('16/ENG/003', 'EE1302', 'B', 10),
('16/ENG/003', 'IS1281', 'B+', 9),
('16/ENG/003', 'IS1301', 'A', 9),
('16/ENG/003', 'IS1302', 'A-', 10),
('16/ENG/003', 'ME1202', 'B', 9),
('16/ENG/003', 'ME1301', 'A-', 9),
('16/ENG/003', 'ME1303', 'B+', 10),
('16/ENG/003', 'ME1304', 'B', 10),
('16/ENG/004', 'CE1201', 'B+', 9),
('16/ENG/004', 'CO1201', 'A', 9),
('16/ENG/004', 'CO1302', 'A-', 10),
('16/ENG/004', 'EE1201', 'B+', 9),
('16/ENG/004', 'EE1302', 'A-', 10),
('16/ENG/004', 'IS1281', 'B', 9),
('16/ENG/004', 'IS1301', 'A', 9),
('16/ENG/004', 'IS1302', 'C', 10),
('16/ENG/004', 'ME1202', 'B', 9),
('16/ENG/004', 'ME1301', 'A-', 9),
('16/ENG/004', 'ME1303', 'B+', 10),
('16/ENG/004', 'ME1304', 'A-', 10),
('16/ENG/005', 'CE1201', 'A-', 9),
('16/ENG/005', 'CO1201', 'R', 9),
('16/ENG/005', 'CO1302', 'F', 10),
('16/ENG/005', 'EE1201', 'B-', 9),
('16/ENG/005', 'EE1302', 'B', 10),
('16/ENG/005', 'IS1281', 'B+', 9),
('16/ENG/005', 'IS1301', 'A-', 9),
('16/ENG/005', 'IS1302', 'B-', 10),
('16/ENG/005', 'ME1202', 'B-', 9),
('16/ENG/005', 'ME1301', 'B', 9),
('16/ENG/005', 'ME1303', 'R', 10),
('16/ENG/005', 'ME1304', 'B', 10),
('16/ENG/006', 'CE1201', 'B+', 9),
('16/ENG/006', 'CO1201', 'B', 9),
('16/ENG/006', 'CO1302', 'B+', 10),
('16/ENG/006', 'EE1201', 'A', 9),
('16/ENG/006', 'EE1302', 'A', 10),
('16/ENG/006', 'IS1281', 'C+', 9),
('16/ENG/006', 'IS1301', 'B', 9),
('16/ENG/006', 'IS1302', 'B', 10),
('16/ENG/006', 'ME1202', 'B', 9),
('16/ENG/006', 'ME1301', 'B+', 9),
('16/ENG/006', 'ME1303', 'B+', 10),
('16/ENG/006', 'ME1304', 'A', 10),
('16/ENG/007', 'CE1201', 'R', 9),
('16/ENG/007', 'CO1201', 'B', 9),
('16/ENG/007', 'CO1302', 'C+', 10),
('16/ENG/007', 'EE1201', 'B-', 9),
('16/ENG/007', 'EE1302', 'R', 10),
('16/ENG/007', 'IS1281', 'B', 9),
('16/ENG/007', 'IS1301', 'A-', 9),
('16/ENG/007', 'IS1302', 'B-', 10),
('16/ENG/007', 'ME1202', 'B+', 9),
('16/ENG/007', 'ME1301', 'B', 9),
('16/ENG/007', 'ME1303', 'B-', 10),
('16/ENG/007', 'ME1304', 'R', 10),
('16/ENG/008', 'CE1201', 'A', 9),
('16/ENG/008', 'CO1201', 'A-', 9),
('16/ENG/008', 'CO1302', 'B+', 10),
('16/ENG/008', 'EE1201', 'A', 9),
('16/ENG/008', 'EE1302', 'B', 10),
('16/ENG/008', 'IS1281', 'A', 9),
('16/ENG/008', 'IS1301', 'A', 9),
('16/ENG/008', 'IS1302', 'A-', 10),
('16/ENG/008', 'ME1202', 'B', 9),
('16/ENG/008', 'ME1301', 'A', 9),
('16/ENG/008', 'ME1303', 'B+', 10),
('16/ENG/008', 'ME1304', 'B', 10),
('16/ENG/009', 'CE1201', 'B-', 9),
('16/ENG/009', 'CO1201', 'C+', 9),
('16/ENG/009', 'CO1302', 'R', 10),
('16/ENG/009', 'EE1201', 'B', 9),
('16/ENG/009', 'EE1302', 'B', 10),
('16/ENG/009', 'IS1281', 'B', 9),
('16/ENG/009', 'IS1301', 'B', 9),
('16/ENG/009', 'IS1302', 'C', 10),
('16/ENG/009', 'ME1202', 'B-', 9),
('16/ENG/009', 'ME1301', 'B', 9),
('16/ENG/009', 'ME1303', 'B-', 10),
('16/ENG/009', 'ME1304', 'B', 10),
('16/ENG/010', 'CE1201', 'B', 9),
('16/ENG/010', 'CO1201', 'B-', 9),
('16/ENG/010', 'CO1302', 'R', 10),
('16/ENG/010', 'EE1201', 'B', 9),
('16/ENG/010', 'EE1302', 'R', 10),
('16/ENG/010', 'IS1281', 'R', 9),
('16/ENG/010', 'IS1301', 'B+', 9),
('16/ENG/010', 'IS1302', 'B-', 10),
('16/ENG/010', 'ME1202', 'C', 9),
('16/ENG/010', 'ME1301', 'B-', 9),
('16/ENG/010', 'ME1303', 'B', 10),
('16/ENG/010', 'ME1304', 'R', 10),
('16/ENG/011', 'CE1201', 'A-', 9),
('16/ENG/011', 'CO1201', 'B', 9),
('16/ENG/011', 'CO1302', 'B', 10),
('16/ENG/011', 'EE1201', 'A', 9),
('16/ENG/011', 'EE1302', 'A-', 10),
('16/ENG/011', 'IS1281', 'B-', 9),
('16/ENG/011', 'IS1301', 'A-', 9),
('16/ENG/011', 'IS1302', 'A-', 10),
('16/ENG/011', 'ME1202', 'B', 9),
('16/ENG/011', 'ME1301', 'A', 9),
('16/ENG/011', 'ME1303', 'A', 10),
('16/ENG/011', 'ME1304', 'A-', 10),
('16/ENG/012', 'CE1201', 'B', 9),
('16/ENG/012', 'CO1201', 'C+', 9),
('16/ENG/012', 'CO1302', 'R', 10),
('16/ENG/012', 'EE1201', 'B', 9),
('16/ENG/012', 'EE1302', 'B-', 10),
('16/ENG/012', 'IS1281', 'C+', 9),
('16/ENG/012', 'IS1301', 'B+', 9),
('16/ENG/012', 'IS1302', 'C', 10),
('16/ENG/012', 'ME1202', 'B-', 9),
('16/ENG/012', 'ME1301', 'B', 9),
('16/ENG/012', 'ME1303', 'C+', 10),
('16/ENG/012', 'ME1304', 'B-', 10),
('16/ENG/014', 'CE1201', 'C+', 9),
('16/ENG/014', 'CO1201', 'C+', 9),
('16/ENG/014', 'CO1302', 'B', 10),
('16/ENG/014', 'EE1201', 'B-', 9),
('16/ENG/014', 'EE1302', 'C', 10),
('16/ENG/014', 'IS1281', 'R', 9),
('16/ENG/014', 'IS1301', 'B', 9),
('16/ENG/014', 'IS1302', 'A-', 10),
('16/ENG/014', 'ME1202', 'C+', 9),
('16/ENG/014', 'ME1301', 'B-', 9),
('16/ENG/014', 'ME1303', 'C+', 10),
('16/ENG/014', 'ME1304', 'C', 10),
('16/ENG/015', 'CE1201', 'A-', 9),
('16/ENG/015', 'CO1201', 'B', 9),
('16/ENG/015', 'CO1302', 'C', 10),
('16/ENG/015', 'EE1201', 'A', 9),
('16/ENG/015', 'EE1302', 'B+', 10),
('16/ENG/015', 'IS1281', 'B+', 9),
('16/ENG/015', 'IS1301', 'A+', 9),
('16/ENG/015', 'IS1302', 'B', 10),
('16/ENG/015', 'ME1202', 'B', 9),
('16/ENG/015', 'ME1301', 'A', 9),
('16/ENG/015', 'ME1303', 'B', 10),
('16/ENG/015', 'ME1304', 'B+', 10),
('16/ENG/016', 'CE1201', 'B-', 9),
('16/ENG/016', 'CO1201', 'A', 9),
('16/ENG/016', 'CO1302', 'B', 10),
('16/ENG/016', 'EE1201', 'B', 9),
('16/ENG/016', 'EE1302', 'A-', 10),
('16/ENG/016', 'IS1281', 'B', 9),
('16/ENG/016', 'IS1301', 'B+', 9),
('16/ENG/016', 'IS1302', 'C+', 10),
('16/ENG/016', 'ME1202', 'C+', 9),
('16/ENG/016', 'ME1301', 'B', 9),
('16/ENG/016', 'ME1303', 'B', 10),
('16/ENG/016', 'ME1304', 'A-', 10),
('16/ENG/017', 'CE1201', 'A', 9),
('16/ENG/017', 'CO1201', 'B', 9),
('16/ENG/017', 'CO1302', 'C+', 10),
('16/ENG/017', 'EE1201', 'B', 9),
('16/ENG/017', 'EE1302', 'B', 10),
('16/ENG/017', 'IS1281', 'B+', 9),
('16/ENG/017', 'IS1301', 'B+', 9),
('16/ENG/017', 'IS1302', 'B+', 10),
('16/ENG/017', 'ME1202', 'B+', 9),
('16/ENG/017', 'ME1301', 'A', 9),
('16/ENG/017', 'ME1303', 'B', 10),
('16/ENG/017', 'ME1304', 'B', 10),
('16/ENG/018', 'CE1201', 'A+', 9),
('16/ENG/018', 'CO1201', 'A', 9),
('16/ENG/018', 'CO1302', 'B+', 10),
('16/ENG/018', 'EE1201', 'A-', 9),
('16/ENG/018', 'EE1302', 'B+', 10),
('16/ENG/018', 'IS1281', 'A+', 9),
('16/ENG/018', 'IS1301', 'A-', 9),
('16/ENG/018', 'IS1302', 'B+', 10),
('16/ENG/018', 'ME1202', 'A-', 9),
('16/ENG/018', 'ME1301', 'A', 9),
('16/ENG/018', 'ME1303', 'A+', 10),
('16/ENG/018', 'ME1304', 'B+', 10),
('16/ENG/019', 'CE1201', 'R', 9),
('16/ENG/019', 'CO1201', 'C+', 9),
('16/ENG/019', 'CO1302', 'R', 10),
('16/ENG/019', 'EE1201', 'R', 9),
('16/ENG/019', 'EE1302', 'R', 10),
('16/ENG/019', 'IS1281', 'C+', 9),
('16/ENG/019', 'IS1301', 'B', 9),
('16/ENG/019', 'IS1302', 'A-', 10),
('16/ENG/019', 'ME1202', 'C', 9),
('16/ENG/019', 'ME1301', 'B', 9),
('16/ENG/019', 'ME1303', 'C+', 10),
('16/ENG/019', 'ME1304', 'R', 10),
('16/ENG/020', 'CE1201', 'B', 9),
('16/ENG/020', 'CO1201', 'B-', 9),
('16/ENG/020', 'CO1302', 'C', 10),
('16/ENG/020', 'EE1201', 'A-', 9),
('16/ENG/020', 'EE1302', 'A-', 10),
('16/ENG/020', 'IS1281', 'C+', 9),
('16/ENG/020', 'IS1301', 'B+', 9),
('16/ENG/020', 'IS1302', 'B', 10),
('16/ENG/020', 'ME1202', 'B', 9),
('16/ENG/020', 'ME1301', 'A', 9),
('16/ENG/020', 'ME1303', 'B', 10),
('16/ENG/020', 'ME1304', 'A-', 10),
('16/ENG/022', 'CE1201', 'B-', 9),
('16/ENG/022', 'CO1201', 'R', 9),
('16/ENG/022', 'CO1302', 'R', 10),
('16/ENG/022', 'EE1201', 'B', 9),
('16/ENG/022', 'EE1302', 'B-', 10),
('16/ENG/022', 'IS1281', 'C+', 9),
('16/ENG/022', 'IS1301', 'A-', 9),
('16/ENG/022', 'IS1302', 'B', 10),
('16/ENG/022', 'ME1202', 'C', 9),
('16/ENG/022', 'ME1301', 'R', 9),
('16/ENG/022', 'ME1303', 'C', 10),
('16/ENG/022', 'ME1304', 'B-', 10),
('16/ENG/023', 'CE1201', 'A-', 9),
('16/ENG/023', 'CO1201', 'A-', 9),
('16/ENG/023', 'CO1302', 'B', 10),
('16/ENG/023', 'EE1201', 'B+', 9),
('16/ENG/023', 'EE1302', 'B+', 10),
('16/ENG/023', 'IS1281', 'B-', 9),
('16/ENG/023', 'IS1301', 'A', 9),
('16/ENG/023', 'IS1302', 'B+', 10),
('16/ENG/023', 'ME1202', 'A-', 9),
('16/ENG/023', 'ME1301', 'A', 9),
('16/ENG/023', 'ME1303', 'B-', 10),
('16/ENG/023', 'ME1304', 'B+', 10),
('16/ENG/024', 'CE1201', 'B+', 9),
('16/ENG/024', 'CO1201', 'B+', 9),
('16/ENG/024', 'CO1302', 'B+', 10),
('16/ENG/024', 'EE1201', 'A-', 9),
('16/ENG/024', 'EE1302', 'A-', 10),
('16/ENG/024', 'IS1281', 'A-', 9),
('16/ENG/024', 'IS1301', 'A', 9),
('16/ENG/024', 'IS1302', 'A', 10),
('16/ENG/024', 'ME1202', 'B+', 9),
('16/ENG/024', 'ME1301', 'A', 9),
('16/ENG/024', 'ME1303', 'B', 10),
('16/ENG/024', 'ME1304', 'A-', 10),
('16/ENG/025', 'CE1201', 'B-', 9),
('16/ENG/025', 'CO1201', 'B', 9),
('16/ENG/025', 'CO1302', 'F', 10),
('16/ENG/025', 'EE1201', 'B', 9),
('16/ENG/025', 'EE1302', 'F', 10),
('16/ENG/025', 'IS1281', 'B', 9),
('16/ENG/025', 'IS1301', 'B', 9),
('16/ENG/025', 'IS1302', 'B-', 10),
('16/ENG/025', 'ME1202', 'B', 9),
('16/ENG/025', 'ME1301', 'B', 9),
('16/ENG/025', 'ME1303', 'B', 10),
('16/ENG/025', 'ME1304', 'F', 10),
('16/ENG/026', 'CE1201', 'B', 9),
('16/ENG/026', 'CO1201', 'B-', 9),
('16/ENG/026', 'CO1302', 'B', 10),
('16/ENG/026', 'EE1201', 'B-', 9),
('16/ENG/026', 'EE1302', 'B+', 10),
('16/ENG/026', 'IS1281', 'B', 9),
('16/ENG/026', 'IS1301', 'F', 9),
('16/ENG/026', 'IS1302', 'B', 10),
('16/ENG/026', 'ME1202', 'B', 9),
('16/ENG/026', 'ME1301', 'B+', 9),
('16/ENG/026', 'ME1303', 'B-', 10),
('16/ENG/026', 'ME1304', 'B+', 10),
('16/ENG/027', 'CE1201', 'B', 9),
('16/ENG/027', 'CO1201', 'B', 9),
('16/ENG/027', 'CO1302', 'C+', 10),
('16/ENG/027', 'EE1201', 'B+', 9),
('16/ENG/027', 'EE1302', 'B', 10),
('16/ENG/027', 'IS1281', 'C+', 9),
('16/ENG/027', 'IS1301', 'B', 9),
('16/ENG/027', 'IS1302', 'R', 10),
('16/ENG/027', 'ME1202', 'C+', 9),
('16/ENG/027', 'ME1301', 'B', 9),
('16/ENG/027', 'ME1303', 'B-', 10),
('16/ENG/027', 'ME1304', 'B', 10),
('16/ENG/029', 'CE1201', 'A', 9),
('16/ENG/029', 'CO1201', 'A+', 9),
('16/ENG/029', 'CO1302', 'B+', 10),
('16/ENG/029', 'EE1201', 'A-', 9),
('16/ENG/029', 'EE1302', 'B', 10),
('16/ENG/029', 'IS1281', 'A-', 9),
('16/ENG/029', 'IS1301', 'A', 9),
('16/ENG/029', 'IS1302', 'B-', 10),
('16/ENG/029', 'ME1202', 'B+', 9),
('16/ENG/029', 'ME1301', 'A', 9),
('16/ENG/029', 'ME1303', 'B+', 10),
('16/ENG/029', 'ME1304', 'B', 10),
('16/ENG/030', 'CE1201', 'A-', 9),
('16/ENG/030', 'CO1201', 'B', 9),
('16/ENG/030', 'CO1302', 'C+', 10),
('16/ENG/030', 'EE1201', 'B', 9),
('16/ENG/030', 'EE1302', 'A', 10),
('16/ENG/030', 'IS1281', 'C+', 9),
('16/ENG/030', 'IS1301', 'A-', 9),
('16/ENG/030', 'IS1302', 'C', 10),
('16/ENG/030', 'ME1202', 'B-', 9),
('16/ENG/030', 'ME1301', 'B', 9),
('16/ENG/030', 'ME1303', 'B+', 10),
('16/ENG/030', 'ME1304', 'A', 10),
('16/ENG/031', 'CE1201', 'A-', 9),
('16/ENG/031', 'CO1201', 'B', 9),
('16/ENG/031', 'CO1302', 'C+', 10),
('16/ENG/031', 'EE1201', 'A-', 9),
('16/ENG/031', 'EE1302', 'R', 10),
('16/ENG/031', 'IS1281', 'A', 9),
('16/ENG/031', 'IS1301', 'A+', 9),
('16/ENG/031', 'IS1302', 'A-', 10),
('16/ENG/031', 'ME1202', 'B+', 9),
('16/ENG/031', 'ME1301', 'A', 9),
('16/ENG/031', 'ME1303', 'A-', 10),
('16/ENG/031', 'ME1304', 'R', 10),
('16/ENG/032', 'CE1201', 'A-', 9),
('16/ENG/032', 'CO1201', 'B+', 9),
('16/ENG/032', 'CO1302', 'B-', 10),
('16/ENG/032', 'EE1201', 'B', 9),
('16/ENG/032', 'EE1302', 'B', 10),
('16/ENG/032', 'IS1281', 'B', 9),
('16/ENG/032', 'IS1301', 'B+', 9),
('16/ENG/032', 'IS1302', 'C+', 10),
('16/ENG/032', 'ME1202', 'C+', 9),
('16/ENG/032', 'ME1301', 'B+', 9),
('16/ENG/032', 'ME1303', 'B', 10),
('16/ENG/032', 'ME1304', 'B', 10),
('16/ENG/033', 'CE1201', 'B', 9),
('16/ENG/033', 'CO1201', 'B', 9),
('16/ENG/033', 'CO1302', 'B+', 10),
('16/ENG/033', 'EE1201', 'A-', 9),
('16/ENG/033', 'EE1302', 'A', 10),
('16/ENG/033', 'IS1281', 'B', 9),
('16/ENG/033', 'IS1301', 'A-', 9),
('16/ENG/033', 'IS1302', 'B', 10),
('16/ENG/033', 'ME1202', 'B+', 9),
('16/ENG/033', 'ME1301', 'B', 9),
('16/ENG/033', 'ME1303', 'B+', 10),
('16/ENG/033', 'ME1304', 'A', 10),
('16/ENG/034', 'CE1201', 'B+', 9),
('16/ENG/034', 'CO1201', 'R', 9),
('16/ENG/034', 'CO1302', 'C+', 10),
('16/ENG/034', 'EE1201', 'B', 9),
('16/ENG/034', 'EE1302', 'B', 10),
('16/ENG/034', 'IS1281', 'B-', 9),
('16/ENG/034', 'IS1301', 'B-', 9),
('16/ENG/034', 'IS1302', 'B', 10),
('16/ENG/034', 'ME1202', 'B', 9),
('16/ENG/034', 'ME1301', 'B', 9),
('16/ENG/034', 'ME1303', 'B-', 10),
('16/ENG/034', 'ME1304', 'B', 10),
('16/ENG/035', 'CE1201', 'A+', 9),
('16/ENG/035', 'CO1201', 'A', 9),
('16/ENG/035', 'CO1302', 'B', 10),
('16/ENG/035', 'EE1201', 'A', 9),
('16/ENG/035', 'EE1302', 'B+', 10),
('16/ENG/035', 'IS1281', 'A+', 9),
('16/ENG/035', 'IS1301', 'A+', 9),
('16/ENG/035', 'IS1302', 'A-', 10),
('16/ENG/035', 'ME1202', 'A-', 9),
('16/ENG/035', 'ME1301', 'A+', 9),
('16/ENG/035', 'ME1303', 'B+', 10),
('16/ENG/035', 'ME1304', 'B+', 10),
('16/ENG/036', 'CE1201', 'B', 9),
('16/ENG/036', 'CO1201', 'A', 9),
('16/ENG/036', 'CO1302', 'B+', 10),
('16/ENG/036', 'EE1201', 'B', 9),
('16/ENG/036', 'EE1302', 'B+', 10),
('16/ENG/036', 'IS1281', 'B', 9),
('16/ENG/036', 'IS1301', 'A', 9),
('16/ENG/036', 'IS1302', 'B', 10),
('16/ENG/036', 'ME1202', 'B-', 9),
('16/ENG/036', 'ME1301', 'B+', 9),
('16/ENG/036', 'ME1303', 'B+', 10),
('16/ENG/036', 'ME1304', 'B+', 10),
('16/ENG/037', 'CE1201', 'B', 9),
('16/ENG/037', 'CO1201', 'A+', 9),
('16/ENG/037', 'CO1302', 'A-', 10),
('16/ENG/037', 'EE1201', 'B+', 9),
('16/ENG/037', 'EE1302', 'B+', 10),
('16/ENG/037', 'IS1281', 'A', 9),
('16/ENG/037', 'IS1301', 'B+', 9),
('16/ENG/037', 'IS1302', 'B+', 10),
('16/ENG/037', 'ME1202', 'A', 9),
('16/ENG/037', 'ME1301', 'A-', 9),
('16/ENG/037', 'ME1303', 'A-', 10),
('16/ENG/037', 'ME1304', 'B+', 10),
('16/ENG/038', 'CE1201', 'A+', 9),
('16/ENG/038', 'CO1201', 'A', 9),
('16/ENG/038', 'CO1302', 'B', 10),
('16/ENG/038', 'EE1201', 'B', 9),
('16/ENG/038', 'EE1302', 'B+', 10),
('16/ENG/038', 'IS1281', 'A', 9),
('16/ENG/038', 'IS1301', 'A', 9),
('16/ENG/038', 'IS1302', 'B', 10),
('16/ENG/038', 'ME1202', 'A-', 9),
('16/ENG/038', 'ME1301', 'A+', 9),
('16/ENG/038', 'ME1303', 'B+', 10),
('16/ENG/038', 'ME1304', 'B+', 10),
('16/ENG/039', 'CE1201', 'A-', 9),
('16/ENG/039', 'CO1201', 'A', 9),
('16/ENG/039', 'CO1302', 'B+', 10),
('16/ENG/039', 'EE1201', 'A-', 9),
('16/ENG/039', 'EE1302', 'B', 10),
('16/ENG/039', 'IS1281', 'A', 9),
('16/ENG/039', 'IS1301', 'B+', 9),
('16/ENG/039', 'IS1302', 'B', 10),
('16/ENG/039', 'ME1202', 'A-', 9),
('16/ENG/039', 'ME1301', 'A+', 9),
('16/ENG/039', 'ME1303', 'A', 10),
('16/ENG/039', 'ME1304', 'B', 10),
('16/ENG/040', 'CE1201', 'C+', 9),
('16/ENG/040', 'CO1201', 'R', 9),
('16/ENG/040', 'CO1302', 'R', 10),
('16/ENG/040', 'EE1201', 'B-', 9),
('16/ENG/040', 'EE1302', 'B', 10),
('16/ENG/040', 'IS1281', 'F', 9),
('16/ENG/040', 'IS1301', 'A', 9),
('16/ENG/040', 'IS1302', 'B', 10),
('16/ENG/040', 'ME1202', 'C+', 9),
('16/ENG/040', 'ME1301', 'B', 9),
('16/ENG/040', 'ME1303', 'B', 10),
('16/ENG/040', 'ME1304', 'B', 10),
('16/ENG/041', 'CE1201', 'B-', 9),
('16/ENG/041', 'CO1201', 'B-', 9),
('16/ENG/041', 'CO1302', 'C', 10),
('16/ENG/041', 'EE1201', 'B', 9),
('16/ENG/041', 'EE1302', 'C', 10),
('16/ENG/041', 'IS1281', 'R', 9),
('16/ENG/041', 'IS1301', 'A', 9),
('16/ENG/041', 'IS1302', 'B', 10),
('16/ENG/041', 'ME1202', 'B', 9),
('16/ENG/041', 'ME1301', 'B+', 9),
('16/ENG/041', 'ME1303', 'B', 10),
('16/ENG/041', 'ME1304', 'C', 10),
('16/ENG/042', 'CE1201', 'B', 9),
('16/ENG/042', 'CO1201', 'B-', 9),
('16/ENG/042', 'CO1302', 'B', 10),
('16/ENG/042', 'EE1201', 'B', 9),
('16/ENG/042', 'EE1302', 'B', 10),
('16/ENG/042', 'IS1281', 'B', 9),
('16/ENG/042', 'IS1301', 'A-', 9),
('16/ENG/042', 'IS1302', 'A', 10),
('16/ENG/042', 'ME1202', 'B', 9),
('16/ENG/042', 'ME1301', 'B', 9),
('16/ENG/042', 'ME1303', 'B-', 10),
('16/ENG/042', 'ME1304', 'B', 10),
('16/ENG/043', 'CE1201', 'A-', 9),
('16/ENG/043', 'CO1201', 'A', 9),
('16/ENG/043', 'CO1302', 'B+', 10),
('16/ENG/043', 'EE1201', 'A+', 9),
('16/ENG/043', 'EE1302', 'B+', 10),
('16/ENG/043', 'IS1281', 'B+', 9),
('16/ENG/043', 'IS1301', 'A+', 9),
('16/ENG/043', 'IS1302', 'A-', 10),
('16/ENG/043', 'ME1202', 'A', 9),
('16/ENG/043', 'ME1301', 'A', 9),
('16/ENG/043', 'ME1303', 'B+', 10),
('16/ENG/043', 'ME1304', 'B+', 10),
('16/ENG/044', 'CE1201', 'A-', 9),
('16/ENG/044', 'CO1201', 'A', 9),
('16/ENG/044', 'CO1302', 'B+', 10),
('16/ENG/044', 'EE1201', 'A', 9),
('16/ENG/044', 'EE1302', 'B+', 10),
('16/ENG/044', 'IS1281', 'B-', 9),
('16/ENG/044', 'IS1301', 'A-', 9),
('16/ENG/044', 'IS1302', 'B+', 10),
('16/ENG/044', 'ME1202', 'A', 9),
('16/ENG/044', 'ME1301', 'A+', 9),
('16/ENG/044', 'ME1303', 'B+', 10),
('16/ENG/044', 'ME1304', 'B+', 10),
('16/ENG/045', 'CE1201', 'A-', 9),
('16/ENG/045', 'CO1201', 'A-', 9),
('16/ENG/045', 'CO1302', 'B', 10),
('16/ENG/045', 'EE1201', 'A', 9),
('16/ENG/045', 'EE1302', 'B+', 10),
('16/ENG/045', 'IS1281', 'B', 9),
('16/ENG/045', 'IS1301', 'A', 9),
('16/ENG/045', 'IS1302', 'C', 10),
('16/ENG/045', 'ME1202', 'B+', 9),
('16/ENG/045', 'ME1301', 'A', 9),
('16/ENG/045', 'ME1303', 'B+', 10),
('16/ENG/045', 'ME1304', 'B+', 10),
('16/ENG/046', 'CE1201', 'A-', 9),
('16/ENG/046', 'CO1201', 'B', 9),
('16/ENG/046', 'CO1302', 'B', 10),
('16/ENG/046', 'EE1201', 'B', 9),
('16/ENG/046', 'EE1302', 'B+', 10),
('16/ENG/046', 'IS1281', 'B+', 9),
('16/ENG/046', 'IS1301', 'A-', 9),
('16/ENG/046', 'IS1302', 'B', 10),
('16/ENG/046', 'ME1202', 'A-', 9),
('16/ENG/046', 'ME1301', 'A-', 9),
('16/ENG/046', 'ME1303', 'B-', 10),
('16/ENG/046', 'ME1304', 'B+', 10),
('16/ENG/047', 'CE1201', 'B-', 9),
('16/ENG/047', 'CO1201', 'C+', 9),
('16/ENG/047', 'CO1302', 'R', 10),
('16/ENG/047', 'EE1201', 'C+', 9),
('16/ENG/047', 'EE1302', 'B', 10),
('16/ENG/047', 'IS1281', 'F', 9),
('16/ENG/047', 'IS1301', 'A-', 9),
('16/ENG/047', 'IS1302', 'B', 10),
('16/ENG/047', 'ME1202', 'C+', 9),
('16/ENG/047', 'ME1301', 'B-', 9),
('16/ENG/047', 'ME1303', 'C', 10),
('16/ENG/047', 'ME1304', 'B', 10),
('16/ENG/048', 'CE1201', 'A', 9),
('16/ENG/048', 'CO1201', 'A', 9),
('16/ENG/048', 'CO1302', 'A-', 10),
('16/ENG/048', 'EE1201', 'B+', 9),
('16/ENG/048', 'EE1302', 'B+', 10),
('16/ENG/048', 'IS1281', 'A', 9),
('16/ENG/048', 'IS1301', 'A', 9),
('16/ENG/048', 'IS1302', 'B+', 10),
('16/ENG/048', 'ME1202', 'A-', 9),
('16/ENG/048', 'ME1301', 'A+', 9),
('16/ENG/048', 'ME1303', 'A-', 10),
('16/ENG/048', 'ME1304', 'B+', 10),
('16/ENG/049', 'CE1201', 'B+', 9),
('16/ENG/049', 'CO1201', 'A-', 9),
('16/ENG/049', 'CO1302', 'C+', 10),
('16/ENG/049', 'EE1201', 'A', 9),
('16/ENG/049', 'EE1302', 'A', 10),
('16/ENG/049', 'IS1281', 'A-', 9),
('16/ENG/049', 'IS1301', 'A+', 9),
('16/ENG/049', 'IS1302', 'C+', 10),
('16/ENG/049', 'ME1202', 'B+', 9),
('16/ENG/049', 'ME1301', 'A', 9),
('16/ENG/049', 'ME1303', 'A', 10),
('16/ENG/049', 'ME1304', 'A', 10),
('16/ENG/050', 'CE1201', 'B+', 9),
('16/ENG/050', 'CO1201', 'A', 9),
('16/ENG/050', 'CO1302', 'A-', 10),
('16/ENG/050', 'EE1201', 'B', 9),
('16/ENG/050', 'EE1302', 'B', 10),
('16/ENG/050', 'IS1281', 'C+', 9),
('16/ENG/050', 'IS1301', 'A-', 9),
('16/ENG/050', 'IS1302', 'B+', 10),
('16/ENG/050', 'ME1202', 'B', 9),
('16/ENG/050', 'ME1301', 'A-', 9),
('16/ENG/050', 'ME1303', 'B', 10),
('16/ENG/050', 'ME1304', 'B', 10),
('16/ENG/051', 'CE1201', 'B', 9),
('16/ENG/051', 'CO1201', 'B-', 9),
('16/ENG/051', 'CO1302', 'R', 10),
('16/ENG/051', 'EE1201', 'B-', 9),
('16/ENG/051', 'EE1302', 'B-', 10),
('16/ENG/051', 'IS1281', 'C+', 9),
('16/ENG/051', 'IS1301', 'B+', 9),
('16/ENG/051', 'IS1302', 'B+', 10),
('16/ENG/051', 'ME1202', 'C', 9),
('16/ENG/051', 'ME1301', 'B+', 9),
('16/ENG/051', 'ME1303', 'C+', 10),
('16/ENG/051', 'ME1304', 'B-', 10),
('16/ENG/052', 'CE1201', 'B', 9),
('16/ENG/052', 'CO1201', 'A-', 9),
('16/ENG/052', 'CO1302', 'C', 10),
('16/ENG/052', 'EE1201', 'B+', 9),
('16/ENG/052', 'EE1302', 'R', 10),
('16/ENG/052', 'IS1281', 'C+', 9),
('16/ENG/052', 'IS1301', 'B', 9),
('16/ENG/052', 'IS1302', 'B', 10),
('16/ENG/052', 'ME1202', 'B-', 9),
('16/ENG/052', 'ME1301', 'B+', 9),
('16/ENG/052', 'ME1303', 'C+', 10),
('16/ENG/052', 'ME1304', 'R', 10),
('16/ENG/053', 'CE1201', 'B', 9),
('16/ENG/053', 'CO1201', 'R', 9),
('16/ENG/053', 'CO1302', 'C', 10),
('16/ENG/053', 'EE1201', 'B+', 9),
('16/ENG/053', 'EE1302', 'B', 10),
('16/ENG/053', 'IS1281', 'B', 9),
('16/ENG/053', 'IS1301', 'A', 9),
('16/ENG/053', 'IS1302', 'A-', 10),
('16/ENG/053', 'ME1202', 'C+', 9),
('16/ENG/053', 'ME1301', 'B', 9),
('16/ENG/053', 'ME1303', 'B', 10),
('16/ENG/053', 'ME1304', 'B', 10),
('16/ENG/054', 'CE1201', 'R', 9),
('16/ENG/054', 'CO1201', 'R', 9),
('16/ENG/054', 'CO1302', 'C+', 10),
('16/ENG/054', 'EE1201', 'B', 9),
('16/ENG/054', 'EE1302', 'B+', 10),
('16/ENG/054', 'IS1281', 'R', 9),
('16/ENG/054', 'IS1301', 'B+', 9),
('16/ENG/054', 'IS1302', 'B+', 10),
('16/ENG/054', 'ME1202', 'C+', 9),
('16/ENG/054', 'ME1301', 'B', 9),
('16/ENG/054', 'ME1303', 'B', 10),
('16/ENG/054', 'ME1304', 'B+', 10),
('16/ENG/055', 'CE1201', 'B', 9),
('16/ENG/055', 'CO1201', 'A-', 9),
('16/ENG/055', 'CO1302', 'B', 10),
('16/ENG/055', 'EE1201', 'B+', 9),
('16/ENG/055', 'EE1302', 'B-', 10),
('16/ENG/055', 'IS1281', 'B-', 9),
('16/ENG/055', 'IS1301', 'A-', 9),
('16/ENG/055', 'IS1302', 'B', 10),
('16/ENG/055', 'ME1202', 'B', 9),
('16/ENG/055', 'ME1301', 'A-', 9),
('16/ENG/055', 'ME1303', 'B+', 10),
('16/ENG/055', 'ME1304', 'B-', 10),
('16/ENG/056', 'CE1201', 'B+', 9),
('16/ENG/056', 'CO1201', 'B', 9),
('16/ENG/056', 'CO1302', 'C+', 10),
('16/ENG/056', 'EE1201', 'B', 9),
('16/ENG/056', 'EE1302', 'B', 10),
('16/ENG/056', 'IS1281', 'B', 9),
('16/ENG/056', 'IS1301', 'A', 9),
('16/ENG/056', 'IS1302', 'B', 10),
('16/ENG/056', 'ME1202', 'B+', 9),
('16/ENG/056', 'ME1301', 'A', 9),
('16/ENG/056', 'ME1303', 'B-', 10),
('16/ENG/056', 'ME1304', 'B', 10),
('16/ENG/057', 'CE1201', 'B+', 9),
('16/ENG/057', 'CO1201', 'B+', 9),
('16/ENG/057', 'CO1302', 'B', 10),
('16/ENG/057', 'EE1201', 'B', 9),
('16/ENG/057', 'EE1302', 'C', 10),
('16/ENG/057', 'IS1281', 'B', 9),
('16/ENG/057', 'IS1301', 'B+', 9),
('16/ENG/057', 'IS1302', 'B', 10),
('16/ENG/057', 'ME1202', 'B', 9),
('16/ENG/057', 'ME1301', 'B', 9),
('16/ENG/057', 'ME1303', 'B', 10),
('16/ENG/057', 'ME1304', 'C', 10),
('16/ENG/058', 'CE1201', 'A', 9),
('16/ENG/058', 'CO1201', 'A+', 9),
('16/ENG/058', 'CO1302', 'A', 10),
('16/ENG/058', 'EE1201', 'A', 9),
('16/ENG/058', 'EE1302', 'A', 10),
('16/ENG/058', 'IS1281', 'A+', 9),
('16/ENG/058', 'IS1301', 'A', 9),
('16/ENG/058', 'IS1302', 'B', 10),
('16/ENG/058', 'ME1202', 'A+', 9),
('16/ENG/058', 'ME1301', 'A', 9),
('16/ENG/058', 'ME1303', 'A', 10),
('16/ENG/058', 'ME1304', 'A', 10),
('16/ENG/059', 'CE1201', 'B', 9),
('16/ENG/059', 'CO1201', 'B-', 9),
('16/ENG/059', 'CO1302', 'B', 10),
('16/ENG/059', 'EE1201', 'B', 9),
('16/ENG/059', 'EE1302', 'B', 10),
('16/ENG/059', 'IS1281', 'C+', 9),
('16/ENG/059', 'IS1301', 'A-', 9),
('16/ENG/059', 'IS1302', 'B', 10),
('16/ENG/059', 'ME1202', 'C', 9),
('16/ENG/059', 'ME1301', 'B', 9),
('16/ENG/059', 'ME1303', 'B-', 10),
('16/ENG/059', 'ME1304', 'B', 10),
('16/ENG/060', 'CE1201', 'B+', 9),
('16/ENG/060', 'CO1201', 'A', 9),
('16/ENG/060', 'CO1302', 'A-', 10),
('16/ENG/060', 'EE1201', 'A-', 9),
('16/ENG/060', 'EE1302', 'C', 10),
('16/ENG/060', 'IS1281', 'B+', 9),
('16/ENG/060', 'IS1301', 'A', 9),
('16/ENG/060', 'IS1302', 'C+', 10),
('16/ENG/060', 'ME1202', 'B', 9),
('16/ENG/060', 'ME1301', 'A', 9),
('16/ENG/060', 'ME1303', 'B+', 10),
('16/ENG/060', 'ME1304', 'C', 10),
('16/ENG/061', 'CE1201', 'A', 9),
('16/ENG/061', 'CO1201', 'A', 9),
('16/ENG/061', 'CO1302', 'B+', 10),
('16/ENG/061', 'EE1201', 'A', 9),
('16/ENG/061', 'EE1302', 'A-', 10),
('16/ENG/061', 'IS1281', 'A-', 9),
('16/ENG/061', 'IS1301', 'B', 9),
('16/ENG/061', 'IS1302', 'B', 10),
('16/ENG/061', 'ME1202', 'B+', 9),
('16/ENG/061', 'ME1301', 'A', 9),
('16/ENG/061', 'ME1303', 'A-', 10),
('16/ENG/061', 'ME1304', 'A-', 10),
('16/ENG/062', 'CE1201', 'A-', 9),
('16/ENG/062', 'CO1201', 'B+', 9),
('16/ENG/062', 'CO1302', 'B+', 10),
('16/ENG/062', 'EE1201', 'B', 9),
('16/ENG/062', 'EE1302', 'B+', 10),
('16/ENG/062', 'IS1281', 'A', 9),
('16/ENG/062', 'IS1301', 'A', 9),
('16/ENG/062', 'IS1302', 'B', 10),
('16/ENG/062', 'ME1202', 'B+', 9),
('16/ENG/062', 'ME1301', 'A', 9),
('16/ENG/062', 'ME1303', 'B+', 10),
('16/ENG/062', 'ME1304', 'B+', 10),
('16/ENG/063', 'CE1201', 'A+', 9),
('16/ENG/063', 'CO1201', 'A+', 9),
('16/ENG/063', 'CO1302', 'B+', 10),
('16/ENG/063', 'EE1201', 'A+', 9),
('16/ENG/063', 'EE1302', 'A', 10),
('16/ENG/063', 'IS1281', 'A+', 9),
('16/ENG/063', 'IS1301', 'A', 9),
('16/ENG/063', 'IS1302', 'A', 10),
('16/ENG/063', 'ME1202', 'A+', 9),
('16/ENG/063', 'ME1301', 'A+', 9),
('16/ENG/063', 'ME1303', 'A-', 10),
('16/ENG/063', 'ME1304', 'A', 10),
('16/ENG/064', 'CE1201', 'C+', 9),
('16/ENG/064', 'CO1201', 'B-', 9),
('16/ENG/064', 'CO1302', 'R', 10),
('16/ENG/064', 'EE1201', 'B', 9),
('16/ENG/064', 'EE1302', 'B+', 10),
('16/ENG/064', 'IS1281', 'C+', 9),
('16/ENG/064', 'IS1301', 'B+', 9),
('16/ENG/064', 'IS1302', 'B+', 10),
('16/ENG/064', 'ME1202', 'C', 9),
('16/ENG/064', 'ME1301', 'B', 9),
('16/ENG/064', 'ME1303', 'C', 10),
('16/ENG/064', 'ME1304', 'B+', 10),
('16/ENG/065', 'CE1201', 'B', 9),
('16/ENG/065', 'CO1201', 'B+', 9),
('16/ENG/065', 'CO1302', 'B', 10),
('16/ENG/065', 'EE1201', 'B-', 9),
('16/ENG/065', 'EE1302', 'B+', 10),
('16/ENG/065', 'IS1281', 'C+', 9),
('16/ENG/065', 'IS1301', 'C', 9),
('16/ENG/065', 'IS1302', 'C', 10),
('16/ENG/065', 'ME1202', 'B', 9),
('16/ENG/065', 'ME1301', 'A-', 9),
('16/ENG/065', 'ME1303', 'B', 10),
('16/ENG/065', 'ME1304', 'B+', 10),
('16/ENG/066', 'CE1201', 'A', 9),
('16/ENG/066', 'CO1201', 'A', 9),
('16/ENG/066', 'CO1302', 'C+', 10),
('16/ENG/066', 'EE1201', 'B', 9),
('16/ENG/066', 'EE1302', 'R', 10),
('16/ENG/066', 'IS1281', 'A', 9),
('16/ENG/066', 'IS1301', 'A-', 9),
('16/ENG/066', 'IS1302', 'B+', 10),
('16/ENG/066', 'ME1202', 'B', 9),
('16/ENG/066', 'ME1301', 'A', 9),
('16/ENG/066', 'ME1303', 'A-', 10),
('16/ENG/066', 'ME1304', 'R', 10),
('16/ENG/067', 'CE1201', 'B', 9),
('16/ENG/067', 'CO1201', 'R', 9),
('16/ENG/067', 'CO1302', 'C', 10),
('16/ENG/067', 'EE1201', 'B-', 9),
('16/ENG/067', 'EE1302', 'B', 10),
('16/ENG/067', 'IS1281', 'F', 9),
('16/ENG/067', 'IS1301', 'B-', 9),
('16/ENG/067', 'IS1302', 'B-', 10),
('16/ENG/067', 'ME1202', 'C+', 9),
('16/ENG/067', 'ME1301', 'C+', 9),
('16/ENG/067', 'ME1303', 'B-', 10),
('16/ENG/067', 'ME1304', 'B', 10),
('16/ENG/068', 'CE1201', 'A', 9),
('16/ENG/068', 'CO1201', 'A', 9),
('16/ENG/068', 'CO1302', 'B+', 10),
('16/ENG/068', 'EE1201', 'B', 9),
('16/ENG/068', 'EE1302', 'B+', 10),
('16/ENG/068', 'IS1281', 'B', 9),
('16/ENG/068', 'IS1301', 'A', 9),
('16/ENG/068', 'IS1302', 'A-', 10),
('16/ENG/068', 'ME1202', 'B', 9),
('16/ENG/068', 'ME1301', 'B+', 9),
('16/ENG/068', 'ME1303', 'B-', 10),
('16/ENG/068', 'ME1304', 'B+', 10),
('16/ENG/069', 'CE1201', 'A+', 9),
('16/ENG/069', 'CO1201', 'A+', 9),
('16/ENG/069', 'CO1302', 'A-', 10),
('16/ENG/069', 'EE1201', 'A-', 9),
('16/ENG/069', 'EE1302', 'B', 10),
('16/ENG/069', 'IS1281', 'A+', 9),
('16/ENG/069', 'IS1301', 'A+', 9),
('16/ENG/069', 'IS1302', 'B+', 10),
('16/ENG/069', 'ME1202', 'A', 9),
('16/ENG/069', 'ME1301', 'A+', 9),
('16/ENG/069', 'ME1303', 'A', 10),
('16/ENG/069', 'ME1304', 'B', 10),
('16/ENG/070', 'CE1201', 'A-', 9),
('16/ENG/070', 'CO1201', 'A', 9),
('16/ENG/070', 'CO1302', 'B', 10),
('16/ENG/070', 'EE1201', 'B+', 9),
('16/ENG/070', 'EE1302', 'R', 10),
('16/ENG/070', 'IS1281', 'B+', 9),
('16/ENG/070', 'IS1301', 'A+', 9),
('16/ENG/070', 'IS1302', 'A-', 10),
('16/ENG/070', 'ME1202', 'C+', 9),
('16/ENG/070', 'ME1301', 'A', 9),
('16/ENG/070', 'ME1303', 'B', 10),
('16/ENG/070', 'ME1304', 'R', 10),
('16/ENG/071', 'CE1201', 'A', 9),
('16/ENG/071', 'CO1201', 'A+', 9),
('16/ENG/071', 'CO1302', 'B', 10),
('16/ENG/071', 'EE1201', 'B', 9),
('16/ENG/071', 'EE1302', 'B', 10),
('16/ENG/071', 'IS1281', 'A+', 9),
('16/ENG/071', 'IS1301', 'B+', 9),
('16/ENG/071', 'IS1302', 'B', 10),
('16/ENG/071', 'ME1202', 'A-', 9),
('16/ENG/071', 'ME1301', 'A', 9),
('16/ENG/071', 'ME1303', 'A-', 10),
('16/ENG/071', 'ME1304', 'B', 10),
('16/ENG/073', 'CE1201', 'B', 9),
('16/ENG/073', 'CO1201', 'R', 9),
('16/ENG/073', 'CO1302', 'C', 10),
('16/ENG/073', 'EE1201', 'R', 9),
('16/ENG/073', 'EE1302', 'B+', 10),
('16/ENG/073', 'IS1281', 'B+', 9),
('16/ENG/073', 'IS1301', 'B+', 9),
('16/ENG/073', 'IS1302', 'A', 10),
('16/ENG/073', 'ME1202', 'C+', 9),
('16/ENG/073', 'ME1301', 'B', 9),
('16/ENG/073', 'ME1303', 'B', 10),
('16/ENG/073', 'ME1304', 'B+', 10),
('16/ENG/074', 'CE1201', 'A-', 9),
('16/ENG/074', 'CO1201', 'A', 9),
('16/ENG/074', 'CO1302', 'B', 10),
('16/ENG/074', 'EE1201', 'B', 9),
('16/ENG/074', 'EE1302', 'A', 10),
('16/ENG/074', 'IS1281', 'B', 9),
('16/ENG/074', 'IS1301', 'A', 9),
('16/ENG/074', 'IS1302', 'B', 10),
('16/ENG/074', 'ME1202', 'B+', 9),
('16/ENG/074', 'ME1301', 'A', 9),
('16/ENG/074', 'ME1303', 'B+', 10),
('16/ENG/074', 'ME1304', 'A', 10),
('16/ENG/075', 'CE1201', 'A-', 9),
('16/ENG/075', 'CO1201', 'B', 9),
('16/ENG/075', 'CO1302', 'C', 10),
('16/ENG/075', 'EE1201', 'B', 9),
('16/ENG/075', 'EE1302', 'B+', 10),
('16/ENG/075', 'IS1281', 'A', 9),
('16/ENG/075', 'IS1301', 'A', 9),
('16/ENG/075', 'IS1302', 'B-', 10),
('16/ENG/075', 'ME1202', 'B', 9),
('16/ENG/075', 'ME1301', 'B', 9),
('16/ENG/075', 'ME1303', 'B+', 10),
('16/ENG/075', 'ME1304', 'B+', 10),
('16/ENG/076', 'CE1201', 'B+', 9),
('16/ENG/076', 'CO1201', 'B', 9),
('16/ENG/076', 'CO1302', 'R', 10),
('16/ENG/076', 'EE1201', 'R', 9),
('16/ENG/076', 'EE1302', 'B', 10),
('16/ENG/076', 'IS1281', 'A-', 9),
('16/ENG/076', 'IS1301', 'A', 9),
('16/ENG/076', 'IS1302', 'C', 10),
('16/ENG/076', 'ME1202', 'C+', 9),
('16/ENG/076', 'ME1301', 'B', 9),
('16/ENG/076', 'ME1303', 'C', 10),
('16/ENG/076', 'ME1304', 'B', 10),
('16/ENG/078', 'CE1201', 'B', 9),
('16/ENG/078', 'CO1201', 'B', 9),
('16/ENG/078', 'CO1302', 'B', 10),
('16/ENG/078', 'EE1201', 'B-', 9),
('16/ENG/078', 'EE1302', 'C', 10),
('16/ENG/078', 'IS1281', 'B+', 9),
('16/ENG/078', 'IS1301', 'A-', 9),
('16/ENG/078', 'IS1302', 'B', 10),
('16/ENG/078', 'ME1202', 'B', 9),
('16/ENG/078', 'ME1301', 'B', 9),
('16/ENG/078', 'ME1303', 'B+', 10),
('16/ENG/078', 'ME1304', 'C', 10),
('16/ENG/079', 'CE1201', 'B', 9),
('16/ENG/079', 'CO1201', 'B', 9),
('16/ENG/079', 'CO1302', 'B', 10),
('16/ENG/079', 'EE1201', 'B', 9),
('16/ENG/079', 'EE1302', 'B+', 10),
('16/ENG/079', 'IS1281', 'B', 9),
('16/ENG/079', 'IS1301', 'A', 9),
('16/ENG/079', 'IS1302', 'A-', 10),
('16/ENG/079', 'ME1202', '-', 9),
('16/ENG/079', 'ME1301', 'A-', 9),
('16/ENG/079', 'ME1303', 'C+', 10),
('16/ENG/079', 'ME1304', 'B+', 10),
('16/ENG/080', 'CE1201', 'B', 9),
('16/ENG/080', 'CO1201', 'B', 9),
('16/ENG/080', 'CO1302', 'R', 10),
('16/ENG/080', 'EE1201', 'B-', 9),
('16/ENG/080', 'EE1302', 'R', 10),
('16/ENG/080', 'IS1281', 'B', 9),
('16/ENG/080', 'IS1301', 'B+', 9),
('16/ENG/080', 'IS1302', 'B+', 10),
('16/ENG/080', 'ME1202', 'B-', 9),
('16/ENG/080', 'ME1301', 'B', 9),
('16/ENG/080', 'ME1303', 'B-', 10),
('16/ENG/080', 'ME1304', 'R', 10),
('16/ENG/081', 'CE1201', 'A-', 9),
('16/ENG/081', 'CO1201', 'A+', 9),
('16/ENG/081', 'CO1302', 'A-', 10),
('16/ENG/081', 'EE1201', 'B', 9),
('16/ENG/081', 'EE1302', 'B-', 10),
('16/ENG/081', 'IS1281', 'A', 9),
('16/ENG/081', 'IS1301', 'A', 9),
('16/ENG/081', 'IS1302', 'A-', 10),
('16/ENG/081', 'ME1202', 'A-', 9),
('16/ENG/081', 'ME1301', 'A', 9),
('16/ENG/081', 'ME1303', 'B', 10),
('16/ENG/081', 'ME1304', 'B-', 10),
('16/ENG/082', 'CE1201', 'B', 9),
('16/ENG/082', 'CO1201', 'B', 9),
('16/ENG/082', 'CO1302', 'R', 10),
('16/ENG/082', 'EE1201', 'B', 9),
('16/ENG/082', 'EE1302', 'B+', 10),
('16/ENG/082', 'IS1281', 'B+', 9),
('16/ENG/082', 'IS1301', 'A-', 9),
('16/ENG/082', 'IS1302', 'A-', 10),
('16/ENG/082', 'ME1202', 'B', 9),
('16/ENG/082', 'ME1301', 'B', 9),
('16/ENG/082', 'ME1303', 'B-', 10),
('16/ENG/082', 'ME1304', 'B+', 10),
('16/ENG/083', 'CE1201', 'A', 9),
('16/ENG/083', 'CO1201', 'A-', 9),
('16/ENG/083', 'CO1302', 'C', 10),
('16/ENG/083', 'EE1201', 'B+', 9),
('16/ENG/083', 'EE1302', 'A-', 10),
('16/ENG/083', 'IS1281', 'A', 9),
('16/ENG/083', 'IS1301', 'B+', 9),
('16/ENG/083', 'IS1302', 'B+', 10),
('16/ENG/083', 'ME1202', 'A', 9),
('16/ENG/083', 'ME1301', 'A', 9),
('16/ENG/083', 'ME1303', 'A', 10),
('16/ENG/083', 'ME1304', 'A-', 10),
('16/ENG/084', 'CE1201', 'C+', 9),
('16/ENG/084', 'CO1201', 'B-', 9),
('16/ENG/084', 'CO1302', 'C', 10),
('16/ENG/084', 'EE1201', 'B-', 9),
('16/ENG/084', 'EE1302', 'R', 10),
('16/ENG/084', 'IS1281', 'C+', 9),
('16/ENG/084', 'IS1301', 'A-', 9),
('16/ENG/084', 'IS1302', 'C+', 10),
('16/ENG/084', 'ME1202', 'C', 9),
('16/ENG/084', 'ME1301', 'B', 9),
('16/ENG/084', 'ME1303', 'C+', 10),
('16/ENG/084', 'ME1304', 'R', 10),
('16/ENG/085', 'CE1201', 'A', 9),
('16/ENG/085', 'CO1201', 'B', 9),
('16/ENG/085', 'CO1302', 'B', 10),
('16/ENG/085', 'EE1201', 'A-', 9),
('16/ENG/085', 'EE1302', 'A-', 10),
('16/ENG/085', 'IS1281', 'A-', 9),
('16/ENG/085', 'IS1301', 'A', 9),
('16/ENG/085', 'IS1302', 'C+', 10),
('16/ENG/085', 'ME1202', 'A', 9),
('16/ENG/085', 'ME1301', 'A-', 9),
('16/ENG/085', 'ME1303', 'B+', 10),
('16/ENG/085', 'ME1304', 'A-', 10),
('16/ENG/086', 'CE1201', 'B', 9),
('16/ENG/086', 'CO1201', 'B', 9),
('16/ENG/086', 'CO1302', 'C', 10),
('16/ENG/086', 'EE1201', 'B', 9),
('16/ENG/086', 'EE1302', 'B', 10),
('16/ENG/086', 'IS1281', 'B', 9),
('16/ENG/086', 'IS1301', 'A-', 9),
('16/ENG/086', 'IS1302', 'B', 10),
('16/ENG/086', 'ME1202', 'B', 9),
('16/ENG/086', 'ME1301', 'A', 9),
('16/ENG/086', 'ME1303', 'B', 10),
('16/ENG/086', 'ME1304', 'B', 10),
('16/ENG/087', 'CE1201', 'A+', 9),
('16/ENG/087', 'CO1201', 'A', 9),
('16/ENG/087', 'CO1302', 'B', 10),
('16/ENG/087', 'EE1201', 'B+', 9),
('16/ENG/087', 'EE1302', 'A', 10),
('16/ENG/087', 'IS1281', 'A', 9),
('16/ENG/087', 'IS1301', 'A', 9),
('16/ENG/087', 'IS1302', 'A-', 10),
('16/ENG/087', 'ME1202', 'A-', 9),
('16/ENG/087', 'ME1301', 'A', 9),
('16/ENG/087', 'ME1303', 'B+', 10),
('16/ENG/087', 'ME1304', 'A', 10),
('16/ENG/088', 'CE1201', 'B', 9),
('16/ENG/088', 'CO1201', 'B', 9),
('16/ENG/088', 'CO1302', 'B', 10),
('16/ENG/088', 'EE1201', 'A-', 9),
('16/ENG/088', 'EE1302', 'A+', 10),
('16/ENG/088', 'IS1281', 'C', 9),
('16/ENG/088', 'IS1301', 'A', 9),
('16/ENG/088', 'IS1302', 'A-', 10),
('16/ENG/088', 'ME1202', 'B', 9),
('16/ENG/088', 'ME1301', 'A-', 9),
('16/ENG/088', 'ME1303', 'B-', 10),
('16/ENG/088', 'ME1304', 'A+', 10),
('16/ENG/089', 'CE1201', 'C+', 9),
('16/ENG/089', 'CO1201', 'B+', 9),
('16/ENG/089', 'CO1302', 'C', 10),
('16/ENG/089', 'EE1201', 'B', 9),
('16/ENG/089', 'EE1302', 'R', 10),
('16/ENG/089', 'IS1281', 'B+', 9),
('16/ENG/089', 'IS1301', 'A', 9),
('16/ENG/089', 'IS1302', 'B', 10),
('16/ENG/089', 'ME1202', 'B', 9),
('16/ENG/089', 'ME1301', 'A', 9),
('16/ENG/089', 'ME1303', 'B-', 10),
('16/ENG/089', 'ME1304', 'R', 10),
('16/ENG/090', 'CE1201', 'A', 9),
('16/ENG/090', 'CO1201', 'B', 9),
('16/ENG/090', 'CO1302', 'B-', 10),
('16/ENG/090', 'EE1201', 'B+', 9),
('16/ENG/090', 'EE1302', 'B', 10),
('16/ENG/090', 'IS1281', 'B', 9),
('16/ENG/090', 'IS1301', 'A-', 9),
('16/ENG/090', 'IS1302', 'C', 10),
('16/ENG/090', 'ME1202', 'B', 9),
('16/ENG/090', 'ME1301', 'B', 9),
('16/ENG/090', 'ME1303', 'B', 10),
('16/ENG/090', 'ME1304', 'B', 10),
('16/ENG/091', 'CE1201', 'B+', 9),
('16/ENG/091', 'CO1201', 'B', 9),
('16/ENG/091', 'CO1302', 'C', 10),
('16/ENG/091', 'EE1201', 'B-', 9),
('16/ENG/091', 'EE1302', 'R', 10),
('16/ENG/091', 'IS1281', 'B', 9),
('16/ENG/091', 'IS1301', 'B', 9),
('16/ENG/091', 'IS1302', 'C', 10),
('16/ENG/091', 'ME1202', 'B+', 9),
('16/ENG/091', 'ME1301', 'B+', 9),
('16/ENG/091', 'ME1303', 'C', 10),
('16/ENG/091', 'ME1304', 'R', 10),
('16/ENG/092', 'CE1201', 'B+', 9),
('16/ENG/092', 'CO1201', 'A+', 9),
('16/ENG/092', 'CO1302', 'B+', 10),
('16/ENG/092', 'EE1201', 'B', 9),
('16/ENG/092', 'EE1302', 'B', 10),
('16/ENG/092', 'IS1281', 'A', 9),
('16/ENG/092', 'IS1301', 'B+', 9),
('16/ENG/092', 'IS1302', 'C', 10),
('16/ENG/092', 'ME1202', 'B', 9),
('16/ENG/092', 'ME1301', 'A', 9),
('16/ENG/092', 'ME1303', 'B+', 10),
('16/ENG/092', 'ME1304', 'B', 10),
('16/ENG/093', 'CE1201', 'A', 9),
('16/ENG/093', 'CO1201', 'A+', 9),
('16/ENG/093', 'CO1302', 'A', 10),
('16/ENG/093', 'EE1201', 'A', 9),
('16/ENG/093', 'EE1302', 'B', 10),
('16/ENG/093', 'IS1281', 'A-', 9),
('16/ENG/093', 'IS1301', 'A-', 9),
('16/ENG/093', 'IS1302', 'C', 10),
('16/ENG/093', 'ME1202', 'B', 9),
('16/ENG/093', 'ME1301', 'A', 9),
('16/ENG/093', 'ME1303', 'B+', 10),
('16/ENG/093', 'ME1304', 'B', 10),
('16/ENG/094', 'CE1201', 'A', 9),
('16/ENG/094', 'CO1201', 'B', 9),
('16/ENG/094', 'CO1302', 'C+', 10),
('16/ENG/094', 'EE1201', 'B', 9),
('16/ENG/094', 'EE1302', 'B', 10),
('16/ENG/094', 'IS1281', 'A+', 9),
('16/ENG/094', 'IS1301', 'A-', 9),
('16/ENG/094', 'IS1302', 'B+', 10),
('16/ENG/094', 'ME1202', 'B', 9),
('16/ENG/094', 'ME1301', 'B+', 9),
('16/ENG/094', 'ME1303', 'A-', 10),
('16/ENG/094', 'ME1304', 'B', 10),
('16/ENG/095', 'CE1201', 'A-', 9),
('16/ENG/095', 'CO1201', 'A', 9),
('16/ENG/095', 'CO1302', 'A-', 10),
('16/ENG/095', 'EE1201', 'A', 9),
('16/ENG/095', 'EE1302', 'B', 10),
('16/ENG/095', 'IS1281', 'A', 9),
('16/ENG/095', 'IS1301', 'B', 9),
('16/ENG/095', 'IS1302', 'B', 10),
('16/ENG/095', 'ME1202', 'A-', 9),
('16/ENG/095', 'ME1301', 'A-', 9),
('16/ENG/095', 'ME1303', 'B', 10),
('16/ENG/095', 'ME1304', 'B', 10),
('16/ENG/096', 'CE1201', 'A-', 9),
('16/ENG/096', 'CO1201', 'A-', 9),
('16/ENG/096', 'CO1302', 'C', 10),
('16/ENG/096', 'EE1201', 'B-', 9),
('16/ENG/096', 'EE1302', 'B-', 10),
('16/ENG/096', 'IS1281', 'A', 9),
('16/ENG/096', 'IS1301', 'B+', 9),
('16/ENG/096', 'IS1302', 'C+', 10),
('16/ENG/096', 'ME1202', 'B', 9),
('16/ENG/096', 'ME1301', 'B', 9),
('16/ENG/096', 'ME1303', 'B', 10),
('16/ENG/096', 'ME1304', 'B-', 10),
('16/ENG/097', 'CE1201', 'B+', 9),
('16/ENG/097', 'CO1201', 'A', 9),
('16/ENG/097', 'CO1302', 'B', 10),
('16/ENG/097', 'EE1201', 'B', 9),
('16/ENG/097', 'EE1302', 'R', 10),
('16/ENG/097', 'IS1281', 'B', 9),
('16/ENG/097', 'IS1301', 'B-', 9),
('16/ENG/097', 'IS1302', 'B', 10),
('16/ENG/097', 'ME1202', 'B', 9),
('16/ENG/097', 'ME1301', 'A', 9),
('16/ENG/097', 'ME1303', 'B', 10),
('16/ENG/097', 'ME1304', 'R', 10),
('16/ENG/098', 'CE1201', 'A', 9),
('16/ENG/098', 'CO1201', 'A-', 9),
('16/ENG/098', 'CO1302', 'B', 10),
('16/ENG/098', 'EE1201', 'B+', 9),
('16/ENG/098', 'EE1302', 'B', 10),
('16/ENG/098', 'IS1281', 'A-', 9),
('16/ENG/098', 'IS1301', 'B+', 9),
('16/ENG/098', 'IS1302', 'B+', 10),
('16/ENG/098', 'ME1202', 'B+', 9),
('16/ENG/098', 'ME1301', 'A+', 9),
('16/ENG/098', 'ME1303', 'A-', 10),
('16/ENG/098', 'ME1304', 'B', 10),
('16/ENG/099', 'CE1201', 'A', 9),
('16/ENG/099', 'CO1201', 'A-', 9),
('16/ENG/099', 'CO1302', 'C+', 10),
('16/ENG/099', 'EE1201', 'B+', 9),
('16/ENG/099', 'EE1302', 'B', 10),
('16/ENG/099', 'IS1281', 'B+', 9),
('16/ENG/099', 'IS1301', 'A', 9),
('16/ENG/099', 'IS1302', 'R', 10),
('16/ENG/099', 'ME1202', 'B', 9),
('16/ENG/099', 'ME1301', 'A-', 9),
('16/ENG/099', 'ME1303', 'B', 10),
('16/ENG/099', 'ME1304', 'B', 10),
('16/ENG/100', 'CE1201', 'C', 9),
('16/ENG/100', 'CO1201', 'R', 9),
('16/ENG/100', 'CO1302', 'F', 10),
('16/ENG/100', 'EE1201', 'R', 9),
('16/ENG/100', 'EE1302', 'F', 10),
('16/ENG/100', 'IS1281', 'F', 9),
('16/ENG/100', 'IS1301', 'B-', 9),
('16/ENG/100', 'IS1302', 'C', 10),
('16/ENG/100', 'ME1202', 'C+', 9),
('16/ENG/100', 'ME1301', 'C+', 9),
('16/ENG/100', 'ME1303', 'R', 10),
('16/ENG/100', 'ME1304', 'F', 10),
('16/ENG/101', 'CE1201', 'B', 9),
('16/ENG/101', 'CO1201', 'B+', 9),
('16/ENG/101', 'CO1302', 'C+', 10),
('16/ENG/101', 'EE1201', 'B-', 9),
('16/ENG/101', 'EE1302', 'B+', 10),
('16/ENG/101', 'IS1281', 'B', 9),
('16/ENG/101', 'IS1301', 'B+', 9),
('16/ENG/101', 'IS1302', 'C', 10),
('16/ENG/101', 'ME1202', 'B-', 9),
('16/ENG/101', 'ME1301', 'B', 9),
('16/ENG/101', 'ME1303', 'B', 10),
('16/ENG/101', 'ME1304', 'B+', 10),
('16/ENG/103', 'CE1201', 'B', 9),
('16/ENG/103', 'CO1201', 'B+', 9),
('16/ENG/103', 'CO1302', 'B', 10),
('16/ENG/103', 'EE1201', 'B', 9),
('16/ENG/103', 'EE1302', 'A', 10),
('16/ENG/103', 'IS1281', 'C', 9),
('16/ENG/103', 'IS1301', 'B', 9),
('16/ENG/103', 'IS1302', 'B+', 10),
('16/ENG/103', 'ME1202', 'B', 9),
('16/ENG/103', 'ME1301', 'A-', 9),
('16/ENG/103', 'ME1303', 'B-', 10),
('16/ENG/103', 'ME1304', 'A', 10),
('16/ENG/104', 'CE1201', 'B+', 9),
('16/ENG/104', 'CO1201', 'B+', 9),
('16/ENG/104', 'CO1302', 'C+', 10),
('16/ENG/104', 'EE1201', 'B', 9),
('16/ENG/104', 'EE1302', 'B', 10),
('16/ENG/104', 'IS1281', 'C+', 9),
('16/ENG/104', 'IS1301', 'A', 9),
('16/ENG/104', 'IS1302', 'B', 10),
('16/ENG/104', 'ME1202', 'B', 9),
('16/ENG/104', 'ME1301', 'B+', 9),
('16/ENG/104', 'ME1303', 'C', 10),
('16/ENG/104', 'ME1304', 'B', 10),
('16/ENG/105', 'CE1201', 'A+', 9),
('16/ENG/105', 'CO1201', 'A+', 9),
('16/ENG/105', 'CO1302', 'A', 10),
('16/ENG/105', 'EE1201', 'A', 9),
('16/ENG/105', 'EE1302', 'B', 10),
('16/ENG/105', 'IS1281', 'A', 9),
('16/ENG/105', 'IS1301', 'A', 9),
('16/ENG/105', 'IS1302', 'B', 10),
('16/ENG/105', 'ME1202', 'A-', 9),
('16/ENG/105', 'ME1301', 'A+', 9),
('16/ENG/105', 'ME1303', 'A', 10),
('16/ENG/105', 'ME1304', 'B', 10),
('16/ENG/106', 'CE1201', 'A-', 9),
('16/ENG/106', 'CO1201', 'A-', 9),
('16/ENG/106', 'CO1302', 'B', 10),
('16/ENG/106', 'EE1201', 'B', 9),
('16/ENG/106', 'EE1302', 'B', 10),
('16/ENG/106', 'IS1281', 'B+', 9),
('16/ENG/106', 'IS1301', 'A', 9),
('16/ENG/106', 'IS1302', 'B+', 10),
('16/ENG/106', 'ME1202', 'B', 9),
('16/ENG/106', 'ME1301', 'B', 9),
('16/ENG/106', 'ME1303', 'B+', 10),
('16/ENG/106', 'ME1304', 'B', 10),
('16/ENG/107', 'CE1201', 'C+', 9),
('16/ENG/107', 'CO1201', 'R', 9),
('16/ENG/107', 'CO1302', 'C+', 10),
('16/ENG/107', 'EE1201', 'R', 9),
('16/ENG/107', 'EE1302', 'B', 10),
('16/ENG/107', 'IS1281', 'B', 9),
('16/ENG/107', 'IS1301', 'A', 9),
('16/ENG/107', 'IS1302', 'B', 10),
('16/ENG/107', 'ME1202', 'B', 9),
('16/ENG/107', 'ME1301', 'A-', 9),
('16/ENG/107', 'ME1303', 'B', 10),
('16/ENG/107', 'ME1304', 'B', 10),
('16/ENG/108', 'CE1201', 'B', 9),
('16/ENG/108', 'CO1201', 'B+', 9),
('16/ENG/108', 'CO1302', 'B', 10),
('16/ENG/108', 'EE1201', 'B', 9),
('16/ENG/108', 'EE1302', 'B', 10),
('16/ENG/108', 'IS1281', 'A-', 9),
('16/ENG/108', 'IS1301', 'A', 9),
('16/ENG/108', 'IS1302', 'B', 10),
('16/ENG/108', 'ME1202', 'B-', 9),
('16/ENG/108', 'ME1301', 'B', 9),
('16/ENG/108', 'ME1303', 'A-', 10),
('16/ENG/108', 'ME1304', 'B', 10),
('16/ENG/109', 'CE1201', 'A-', 9),
('16/ENG/109', 'CO1201', 'A', 9),
('16/ENG/109', 'CO1302', 'B+', 10),
('16/ENG/109', 'EE1201', 'B+', 9),
('16/ENG/109', 'EE1302', 'R', 10),
('16/ENG/109', 'IS1281', 'A', 9),
('16/ENG/109', 'IS1301', 'A+', 9),
('16/ENG/109', 'IS1302', 'B+', 10),
('16/ENG/109', 'ME1202', 'B', 9),
('16/ENG/109', 'ME1301', 'B+', 9),
('16/ENG/109', 'ME1303', 'B', 10),
('16/ENG/109', 'ME1304', 'R', 10),
('16/ENG/110', 'CE1201', 'B+', 9),
('16/ENG/110', 'CO1201', 'B+', 9),
('16/ENG/110', 'CO1302', 'R', 10),
('16/ENG/110', 'EE1201', 'B+', 9),
('16/ENG/110', 'EE1302', 'F', 10),
('16/ENG/110', 'IS1281', 'A', 9),
('16/ENG/110', 'IS1301', 'A', 9),
('16/ENG/110', 'IS1302', 'B', 10),
('16/ENG/110', 'ME1202', 'B+', 9),
('16/ENG/110', 'ME1301', 'B', 9),
('16/ENG/110', 'ME1303', 'C+', 10),
('16/ENG/110', 'ME1304', 'F', 10),
('16/ENG/111', 'CE1201', 'A', 9),
('16/ENG/111', 'CO1201', 'A-', 9),
('16/ENG/111', 'CO1302', 'B', 10),
('16/ENG/111', 'EE1201', 'B', 9),
('16/ENG/111', 'EE1302', 'B', 10),
('16/ENG/111', 'IS1281', 'B+', 9),
('16/ENG/111', 'IS1301', 'A', 9),
('16/ENG/111', 'IS1302', 'B-', 10),
('16/ENG/111', 'ME1202', 'B', 9),
('16/ENG/111', 'ME1301', 'B', 9),
('16/ENG/111', 'ME1303', 'B', 10),
('16/ENG/111', 'ME1304', 'B', 10),
('16/ENG/113', 'CE1201', 'A-', 9),
('16/ENG/113', 'CO1201', 'A', 9),
('16/ENG/113', 'CO1302', 'B', 10),
('16/ENG/113', 'EE1201', 'B+', 9),
('16/ENG/113', 'EE1302', 'A-', 10),
('16/ENG/113', 'IS1281', 'B', 9),
('16/ENG/113', 'IS1301', 'B', 9),
('16/ENG/113', 'IS1302', 'B-', 10),
('16/ENG/113', 'ME1202', 'B', 9),
('16/ENG/113', 'ME1301', 'A', 9),
('16/ENG/113', 'ME1303', 'B+', 10),
('16/ENG/113', 'ME1304', 'A-', 10),
('16/ENG/114', 'CE1201', 'B', 9),
('16/ENG/114', 'CO1201', 'B', 9),
('16/ENG/114', 'CO1302', 'B', 10),
('16/ENG/114', 'EE1201', 'B', 9),
('16/ENG/114', 'EE1302', 'A', 10),
('16/ENG/114', 'IS1281', 'B-', 9),
('16/ENG/114', 'IS1301', 'B', 9),
('16/ENG/114', 'IS1302', 'C', 10),
('16/ENG/114', 'ME1202', 'B-', 9),
('16/ENG/114', 'ME1301', 'C+', 9),
('16/ENG/114', 'ME1303', 'B', 10),
('16/ENG/114', 'ME1304', 'A', 10),
('16/ENG/115', 'CE1201', 'A', 9),
('16/ENG/115', 'CO1201', 'A+', 9),
('16/ENG/115', 'CO1302', 'B+', 10),
('16/ENG/115', 'EE1201', 'B', 9),
('16/ENG/115', 'EE1302', 'B', 10),
('16/ENG/115', 'IS1281', 'A-', 9),
('16/ENG/115', 'IS1301', 'B', 9),
('16/ENG/115', 'IS1302', 'C', 10),
('16/ENG/115', 'ME1202', 'B', 9),
('16/ENG/115', 'ME1301', 'A', 9),
('16/ENG/115', 'ME1303', 'A', 10),
('16/ENG/115', 'ME1304', 'B', 10),
('16/ENG/116', 'CE1201', 'A', 9),
('16/ENG/116', 'CO1201', 'A', 9),
('16/ENG/116', 'CO1302', 'B+', 10),
('16/ENG/116', 'EE1201', 'A', 9),
('16/ENG/116', 'EE1302', 'B', 10),
('16/ENG/116', 'IS1281', 'B+', 9),
('16/ENG/116', 'IS1301', 'B', 9),
('16/ENG/116', 'IS1302', 'B+', 10),
('16/ENG/116', 'ME1202', 'A-', 9),
('16/ENG/116', 'ME1301', 'A', 9),
('16/ENG/116', 'ME1303', 'B', 10),
('16/ENG/116', 'ME1304', 'B', 10),
('16/ENG/117', 'CE1201', 'A', 9),
('16/ENG/117', 'CO1201', 'A', 9),
('16/ENG/117', 'CO1302', 'B+', 10),
('16/ENG/117', 'EE1201', 'A-', 9),
('16/ENG/117', 'EE1302', 'B+', 10),
('16/ENG/117', 'IS1281', 'A-', 9),
('16/ENG/117', 'IS1301', 'A-', 9),
('16/ENG/117', 'IS1302', 'B', 10),
('16/ENG/117', 'ME1202', 'B', 9),
('16/ENG/117', 'ME1301', 'A', 9),
('16/ENG/117', 'ME1303', 'B+', 10),
('16/ENG/117', 'ME1304', 'B+', 10),
('16/ENG/118', 'CE1201', 'A+', 9),
('16/ENG/118', 'CO1201', 'A+', 9),
('16/ENG/118', 'CO1302', 'B+', 10),
('16/ENG/118', 'EE1201', 'A-', 9),
('16/ENG/118', 'EE1302', 'B', 10),
('16/ENG/118', 'IS1281', 'A+', 9),
('16/ENG/118', 'IS1301', 'A', 9),
('16/ENG/118', 'IS1302', 'A', 10),
('16/ENG/118', 'ME1202', 'A-', 9),
('16/ENG/118', 'ME1301', 'A+', 9),
('16/ENG/118', 'ME1303', 'A', 10),
('16/ENG/118', 'ME1304', 'B', 10),
('16/ENG/119', 'CE1201', 'A', 9),
('16/ENG/119', 'CO1201', 'A-', 9),
('16/ENG/119', 'CO1302', 'B', 10),
('16/ENG/119', 'EE1201', 'A', 9),
('16/ENG/119', 'EE1302', 'B', 10),
('16/ENG/119', 'IS1281', 'A', 9),
('16/ENG/119', 'IS1301', 'B+', 9),
('16/ENG/119', 'IS1302', 'B+', 10),
('16/ENG/119', 'ME1202', 'B', 9),
('16/ENG/119', 'ME1301', 'A', 9),
('16/ENG/119', 'ME1303', 'A-', 10),
('16/ENG/119', 'ME1304', 'B', 10),
('16/ENG/120', 'CE1201', 'A+', 9),
('16/ENG/120', 'CO1201', 'A+', 9),
('16/ENG/120', 'CO1302', 'A', 10),
('16/ENG/120', 'EE1201', 'A', 9),
('16/ENG/120', 'EE1302', 'A-', 10),
('16/ENG/120', 'IS1281', 'A+', 9),
('16/ENG/120', 'IS1301', 'A+', 9),
('16/ENG/120', 'IS1302', 'A-', 10),
('16/ENG/120', 'ME1202', 'A', 9),
('16/ENG/120', 'ME1301', 'A+', 9),
('16/ENG/120', 'ME1303', 'A', 10),
('16/ENG/120', 'ME1304', 'A-', 10),
('16/ENG/121', 'CE1201', 'B', 9),
('16/ENG/121', 'CO1201', 'B', 9),
('16/ENG/121', 'CO1302', 'R', 10),
('16/ENG/121', 'EE1201', 'B-', 9),
('16/ENG/121', 'EE1302', 'B+', 10),
('16/ENG/121', 'IS1281', 'B', 9),
('16/ENG/121', 'IS1301', 'B+', 9),
('16/ENG/121', 'IS1302', 'A-', 10),
('16/ENG/121', 'ME1202', 'B+', 9),
('16/ENG/121', 'ME1301', 'B', 9),
('16/ENG/121', 'ME1303', 'C+', 10),
('16/ENG/121', 'ME1304', 'B+', 10),
('16/ENG/122', 'CE1201', 'A', 9),
('16/ENG/122', 'CO1201', 'B', 9),
('16/ENG/122', 'CO1302', 'C+', 10),
('16/ENG/122', 'EE1201', 'B', 9),
('16/ENG/122', 'EE1302', 'B+', 10),
('16/ENG/122', 'IS1281', 'C+', 9),
('16/ENG/122', 'IS1301', 'A+', 9),
('16/ENG/122', 'IS1302', 'B', 10),
('16/ENG/122', 'ME1202', 'B', 9),
('16/ENG/122', 'ME1301', 'A', 9),
('16/ENG/122', 'ME1303', 'B', 10),
('16/ENG/122', 'ME1304', 'B+', 10),
('16/ENG/123', 'CE1201', 'B+', 9),
('16/ENG/123', 'CO1201', 'B', 9),
('16/ENG/123', 'CO1302', 'B', 10),
('16/ENG/123', 'EE1201', 'B-', 9),
('16/ENG/123', 'EE1302', 'B', 10),
('16/ENG/123', 'IS1281', 'B+', 9),
('16/ENG/123', 'IS1301', 'B', 9),
('16/ENG/123', 'IS1302', 'B-', 10),
('16/ENG/123', 'ME1202', 'B+', 9),
('16/ENG/123', 'ME1301', 'B+', 9),
('16/ENG/123', 'ME1303', 'B', 10),
('16/ENG/123', 'ME1304', 'B', 10),
('16/ENG/124', 'CE1201', 'B+', 9),
('16/ENG/124', 'CO1201', 'B', 9),
('16/ENG/124', 'CO1302', 'B', 10),
('16/ENG/124', 'EE1201', 'A-', 9),
('16/ENG/124', 'EE1302', 'B+', 10),
('16/ENG/124', 'IS1281', 'B', 9),
('16/ENG/124', 'IS1301', 'B', 9),
('16/ENG/124', 'IS1302', 'B-', 10),
('16/ENG/124', 'ME1202', 'B-', 9),
('16/ENG/124', 'ME1301', 'A-', 9),
('16/ENG/124', 'ME1303', 'B', 10),
('16/ENG/124', 'ME1304', 'B+', 10),
('16/ENG/125', 'CE1201', 'B', 9),
('16/ENG/125', 'CO1201', 'A', 9),
('16/ENG/125', 'CO1302', 'B+', 10),
('16/ENG/125', 'EE1201', 'B+', 9),
('16/ENG/125', 'EE1302', 'B', 10),
('16/ENG/125', 'IS1281', 'A-', 9),
('16/ENG/125', 'IS1301', 'A', 9),
('16/ENG/125', 'IS1302', 'B-', 10),
('16/ENG/125', 'ME1202', 'B+', 9),
('16/ENG/125', 'ME1301', 'A', 9),
('16/ENG/125', 'ME1303', 'B', 10),
('16/ENG/125', 'ME1304', 'B', 10),
('16/ENG/126', 'CE1201', 'A', 9),
('16/ENG/126', 'CO1201', 'B-', 9),
('16/ENG/126', 'CO1302', 'A', 10),
('16/ENG/126', 'EE1201', 'B', 9),
('16/ENG/126', 'EE1302', 'B', 10),
('16/ENG/126', 'IS1281', 'A-', 9),
('16/ENG/126', 'IS1301', 'A+', 9),
('16/ENG/126', 'IS1302', 'B+', 10),
('16/ENG/126', 'ME1202', 'B', 9),
('16/ENG/126', 'ME1301', 'B', 9),
('16/ENG/126', 'ME1303', 'B', 10),
('16/ENG/126', 'ME1304', 'B', 10),
('16/ENG/127', 'CE1201', 'A-', 9),
('16/ENG/127', 'CO1201', 'B+', 9),
('16/ENG/127', 'CO1302', 'B', 10),
('16/ENG/127', 'EE1201', 'B', 9),
('16/ENG/127', 'EE1302', 'B', 10),
('16/ENG/127', 'IS1281', 'B', 9),
('16/ENG/127', 'IS1301', 'A', 9),
('16/ENG/127', 'IS1302', 'B', 10),
('16/ENG/127', 'ME1202', 'B', 9),
('16/ENG/127', 'ME1301', 'A', 9),
('16/ENG/127', 'ME1303', 'B-', 10),
('16/ENG/127', 'ME1304', 'B', 10);

-- --------------------------------------------------------

--
-- Table structure for table `includesminor`
--

CREATE TABLE `includesminor` (
  `mid` int(10) NOT NULL,
  `courceCode` varchar(10) NOT NULL
) ENGINE=InnoDB DEFAULT CHARSET=latin1;

--
-- Dumping data for table `includesminor`
--

INSERT INTO `includesminor` (`mid`, `courceCode`) VALUES
(1, 'CO3251'),
(1, 'CO3252'),
(1, 'CO3255'),
(1, 'CO3256'),
(1, 'CO3353'),
(1, 'CO3554'),
(1, 'CO35541'),
(1, 'CO4254'),
(1, 'CO4255'),
(1, 'CO4256'),
(1, 'CO4351'),
(1, 'CO4353'),
(2, 'CO3255'),
(2, 'CO3261'),
(2, 'CO3262'),
(2, 'CO3265'),
(2, 'CO3353'),
(2, 'CO3563'),
(2, 'CO35631'),
(2, 'CO4254'),
(2, 'CO4263'),
(2, 'CO4353'),
(2, 'CO4361'),
(2, 'CO4362'),
(2, 'CO5555');

-- --------------------------------------------------------

--
-- Table structure for table `migrations`
--

CREATE TABLE `migrations` (
  `id` int(10) UNSIGNED NOT NULL,
  `migration` varchar(255) COLLATE utf8mb4_unicode_ci NOT NULL,
  `batch` int(11) NOT NULL
) ENGINE=InnoDB DEFAULT CHARSET=utf8mb4 COLLATE=utf8mb4_unicode_ci;

--
-- Dumping data for table `migrations`
--

INSERT INTO `migrations` (`id`, `migration`, `batch`) VALUES
(1, '2014_10_12_000000_create_users_table', 1),
(2, '2014_10_12_100000_create_password_resets_table', 1),
(3, '2016_06_01_000001_create_oauth_auth_codes_table', 1),
(4, '2016_06_01_000002_create_oauth_access_tokens_table', 1),
(5, '2016_06_01_000003_create_oauth_refresh_tokens_table', 1),
(6, '2016_06_01_000004_create_oauth_clients_table', 1),
(7, '2016_06_01_000005_create_oauth_personal_access_clients_table', 1),
(8, '2018_12_30_161730_create_data_table', 1),
(9, '2019_02_23_044833_create_sem_cordinates_table', 1);

-- --------------------------------------------------------

--
-- Table structure for table `minor`
--

CREATE TABLE `minor` (
  `mid` int(3) NOT NULL,
  `name` varchar(200) NOT NULL,
  `totalCredits` int(3) NOT NULL,
  `details` varchar(100) NOT NULL,
  `availability` tinyint(1) NOT NULL,
  `dep_code` varchar(5) NOT NULL
) ENGINE=InnoDB DEFAULT CHARSET=latin1;

--
-- Dumping data for table `minor`
--

INSERT INTO `minor` (`mid`, `name`, `totalCredits`, `details`, `availability`, `dep_code`) VALUES
(1, 'Data management', 22, 'THis is', 1, 'CO'),
(2, 'High Performance Computing ', 22, 'fsdfsdf', 1, 'CO');

-- --------------------------------------------------------

--
-- Table structure for table `oauth_access_tokens`
--

CREATE TABLE `oauth_access_tokens` (
  `id` varchar(100) COLLATE utf8mb4_unicode_ci NOT NULL,
  `user_id` int(11) DEFAULT NULL,
  `client_id` int(10) UNSIGNED NOT NULL,
  `name` varchar(255) COLLATE utf8mb4_unicode_ci DEFAULT NULL,
  `scopes` text COLLATE utf8mb4_unicode_ci,
  `revoked` tinyint(1) NOT NULL,
  `created_at` timestamp NULL DEFAULT NULL,
  `updated_at` timestamp NULL DEFAULT NULL,
  `expires_at` datetime DEFAULT NULL
) ENGINE=InnoDB DEFAULT CHARSET=utf8mb4 COLLATE=utf8mb4_unicode_ci;

--
-- Dumping data for table `oauth_access_tokens`
--

INSERT INTO `oauth_access_tokens` (`id`, `user_id`, `client_id`, `name`, `scopes`, `revoked`, `created_at`, `updated_at`, `expires_at`) VALUES
('0083960a08d639c7d68c1378905f6845875be9d2cb2c40d3ea873eadba60530738e3e868b5b77918', 1, 1, 'MyApp', '[]', 0, '2019-07-04 13:05:30', '2019-07-04 13:05:30', '2020-07-04 18:35:30'),
('05964d2ebf8c370b685a35855304ad3727e9883443c22fedb7a3df3f2a4106f09fef60d1dd226654', 17, 1, 'MyApp', '[]', 0, '2020-01-04 00:12:43', '2020-01-04 00:12:43', '2021-01-04 05:42:43'),
('05f66f3a5dbb06b7a92b50caa78b60290affd991d574fe90bb27038ae43bdd0b8fadf8f9985a4326', 147, 1, 'MyApp', '[]', 0, '2020-01-04 00:55:24', '2020-01-04 00:55:24', '2021-01-04 06:25:24'),
('099d61d70361519289b16babbb7d4697e4a09929146342f73938e44f050d03e582f8e0a18bb21795', 1, 1, 'MyApp', '[]', 0, '2019-07-04 13:40:29', '2019-07-04 13:40:29', '2020-07-04 19:10:29'),
('0ba9e0fc740e5919728fc84fcc9d9337aac2a0d45b582cc381759141550c79575c67c19eee696135', 1, 1, 'MyApp', '[]', 0, '2019-07-04 13:51:08', '2019-07-04 13:51:08', '2020-07-04 19:21:08'),
('0defceea53a9dc538a57b9ac32bd4ffc8d601839e5d845535d880617d51182669d02746810247076', 23, 1, 'MyApp', '[]', 0, '2019-12-24 13:23:57', '2019-12-24 13:23:57', '2020-12-24 18:53:57'),
('0ecdd4313d561cc49fd37b72cc5b92541e301c74d35087dba77d3fdbdd2c75f62d570691f420b691', 6, 1, 'MyApp', '[]', 0, '2019-07-07 21:58:32', '2019-07-07 21:58:32', '2020-07-08 03:28:32'),
('11101b1855805b368bf5069d066db511ff04fbd87bff113909dd9bd698ea9dab4b3c8b64256b4ddf', 16, 1, 'MyApp', '[]', 0, '2019-07-07 21:54:39', '2019-07-07 21:54:39', '2020-07-08 03:24:39'),
('115a2dcca1a884860b2b743ed3add9ab4ecb2bd5becd0b05099de25272c0931ec9d7b5360254174d', 1, 1, 'MyApp', '[]', 0, '2019-07-04 13:14:23', '2019-07-04 13:14:23', '2020-07-04 18:44:23'),
('14ccca22a5154ce91f20d86f3e53813c248347ddb68721e8a7a9018de93626c061d3ef66b6c45a99', 18, 1, 'MyApp', '[]', 0, '2019-12-24 12:31:22', '2019-12-24 12:31:22', '2020-12-24 18:01:22'),
('163a2623de8d1bcac4b8fa5ce14fc30cb9f75ce5159134a292f13d24dd811a35e4a9370b7e685e4f', 17, 1, 'MyApp', '[]', 0, '2019-07-09 08:13:46', '2019-07-09 08:13:46', '2020-07-09 13:43:46'),
('187d61d2b6ea565aa07e27929b96132753130690859dcc748121585e8f5b84d8819fde8bfde86afe', 17, 1, 'MyApp', '[]', 0, '2019-07-09 07:53:10', '2019-07-09 07:53:10', '2020-07-09 13:23:10'),
('1df12a0c919a36dc502b276143815278877def8dcdd27e3631ae04c05790160b5d61d45e6ad5bc9d', 1, 1, 'MyApp', '[]', 0, '2019-07-04 13:43:11', '2019-07-04 13:43:11', '2020-07-04 19:13:11'),
('204c90c48c7aba73d85255c3bb64410096a419af9bc3d898918b442a0cda7f9b2e5c864d9e3f02d9', 17, 1, 'MyApp', '[]', 0, '2020-01-03 09:08:16', '2020-01-03 09:08:16', '2021-01-03 14:38:16'),
('24240115fb3736e1441e2521d63f2f6527bc1fb93a4405ebc4165a827455f9d3f193233c5f108126', 23, 1, 'MyApp', '[]', 0, '2019-12-24 13:10:11', '2019-12-24 13:10:11', '2020-12-24 18:40:11'),
('27e34cc6d0442387c62873c70ae090bde722a15662453d48657b22b166f5b661f3e7c5c95e6c03b5', 2, 1, 'MyApp', '[]', 0, '2019-07-09 13:36:48', '2019-07-09 13:36:48', '2020-07-09 19:06:48'),
('2e265367b3659784e2bd3c493a4caa94cca3022e61a90b89a175940373061047d1cf66ea5ea11d23', 1, 1, 'MyApp', '[]', 0, '2019-07-04 12:26:26', '2019-07-04 12:26:26', '2020-07-04 17:56:26'),
('33a76cbe0ce4462fa0ca7452cc512516160ebfda1bee5e5c462501f8c4e23b409e346f030f36f128', 17, 1, 'MyApp', '[]', 0, '2019-07-09 13:45:38', '2019-07-09 13:45:38', '2020-07-09 19:15:38'),
('39411f9feb242de5ac8d9a9bb257f8f41abc9bdd685eedf2635173b6c6087daa87454010b132e19c', 17, 1, 'MyApp', '[]', 0, '2019-12-07 10:12:11', '2019-12-07 10:12:11', '2020-12-07 15:42:11'),
('3a23cef6f41b54e9e3f49ce58b44bcac15f414145daf4de4daf1fab5deaa064b7aa188281a43874f', 1, 1, 'MyApp', '[]', 0, '2019-07-04 14:07:39', '2019-07-04 14:07:39', '2020-07-04 19:37:39'),
('3bd39f79fcd9724d37a7635c55e11afab755b42fbbefcdfb5385b578e50b24531e558b6d8750e23d', 17, 1, 'MyApp', '[]', 0, '2019-12-07 11:18:26', '2019-12-07 11:18:26', '2020-12-07 16:48:26'),
('41147101aeaafa67239f8aaf99955950f02dc981cd758649aa1e9c046a947f4b4c143fccb7e84ef3', 1, 1, 'MyApp', '[]', 0, '2019-07-04 13:26:19', '2019-07-04 13:26:19', '2020-07-04 18:56:19'),
('44646c09d28ec2469e5a5a1cca0a59a783631cbea5dad4b0bce4605a3eeff2ce17ce5b508baa4650', 17, 1, 'MyApp', '[]', 0, '2020-01-03 09:05:45', '2020-01-03 09:05:45', '2021-01-03 14:35:45'),
('4509fe0762d02ebc1a698d447994db1e75a557da16188c9d1e926a9a7822bc5f051f5eb341090be3', 5, 1, 'MyApp', '[]', 0, '2019-07-07 17:41:14', '2019-07-07 17:41:14', '2020-07-07 23:11:14'),
('45ce67ec44d28bfe9278c3a6c60e9b0a5ac72f768c7c84239478a966b3ca456efed670b329199034', 22, 1, 'MyApp', '[]', 0, '2019-12-24 12:38:57', '2019-12-24 12:38:57', '2020-12-24 18:08:57'),
('48ffbc98fd59dbe022c511258d8c35773e17da802844a59a02745cb6aede3bfe5e521a2bbd8f4744', 17, 1, 'MyApp', '[]', 0, '2019-07-09 08:10:13', '2019-07-09 08:10:13', '2020-07-09 13:40:13'),
('49072a5bf654a932ae1987aeafafa7bd58d79e876ca61cea44c4d5857e3728094a615275cb723b31', 23, 1, 'MyApp', '[]', 0, '2020-01-03 08:59:09', '2020-01-03 08:59:09', '2021-01-03 14:29:09'),
('4bbc7e856a9a370d91b5f57248c8d703e10a1d469ff4a06cbd483361497de030ccf0763746df36e2', 2, 1, 'MyApp', '[]', 0, '2019-07-09 13:48:55', '2019-07-09 13:48:55', '2020-07-09 19:18:55'),
('54e2be39dc6c122933e831d392b11b9ec7be745c2315c1693dc77b7799938c313e5c42f790642db6', 23, 1, 'MyApp', '[]', 0, '2020-01-03 09:07:37', '2020-01-03 09:07:37', '2021-01-03 14:37:37'),
('59a2c3b54d9037cd7a1c3a1e3f05bd288764acd433f3d84110f3e9833e78825d00547d310aed3d13', 1, 1, 'MyApp', '[]', 0, '2019-07-04 13:24:48', '2019-07-04 13:24:48', '2020-07-04 18:54:48'),
('59fd370b3e583b9f51760e049bd0c0f68d51da3d646abd7842e7c51ba31544287c867c694fba88f9', 17, 1, 'MyApp', '[]', 0, '2019-07-09 14:03:36', '2019-07-09 14:03:36', '2020-07-09 19:33:36'),
('5b9170cc17aa593d86d79cbb2cdd05d520aae69d9babba359ef903b1d304dcdbc2250ab39ae90940', 37, 1, 'MyApp', '[]', 0, '2020-01-04 00:11:36', '2020-01-04 00:11:36', '2021-01-04 05:41:36'),
('5c7c960bdfcea5c30dbf55ef6849e38c0c005b621069143d5b974fbbb6076c156a4e3cd0f54a1698', 17, 1, 'MyApp', '[]', 0, '2019-12-07 08:32:25', '2019-12-07 08:32:25', '2020-12-07 14:02:25'),
('60a6d8cfd500c79f6dea6c41a244319ee1deb1cd278cde5ef9afa01604b948c962f4766635b94cde', 17, 1, 'MyApp', '[]', 0, '2019-12-21 01:16:42', '2019-12-21 01:16:42', '2020-12-21 06:46:42'),
('6868105a3e0ed1c1bb6d464df1ded6e896d344b904fdf56dbfdb5ae6bc3ba0a3d3694e32237013f3', 1, 1, 'MyApp', '[]', 0, '2019-07-04 13:19:43', '2019-07-04 13:19:43', '2020-07-04 18:49:43'),
('6af7c3ce72a1dabdf2e5df3f50fb46a193fc5f517c57e07e4644974ed5fc7ca8e1ad824b6122e062', 7, 1, 'MyApp', '[]', 0, '2019-07-07 18:06:01', '2019-07-07 18:06:01', '2020-07-07 23:36:01'),
('70738e3980a822097c23c7467cf39146fad8ae481d32bad31e32cbf801c1c0d8b3a0276427b73571', 23, 1, 'MyApp', '[]', 0, '2020-01-03 06:37:37', '2020-01-03 06:37:37', '2021-01-03 12:07:37'),
('799585be67492dad24abc546a3409a33dfbe734653c91b84d5fa8ab03b2fa48f1d1598818c786752', 17, 1, 'MyApp', '[]', 0, '2019-12-24 12:18:11', '2019-12-24 12:18:11', '2020-12-24 17:48:11'),
('79f68200e810e470a8df8ee19d61f07c593073ea627ba3814bd2af6021fdcd5fedc83c6c873a40be', 23, 1, 'MyApp', '[]', 0, '2019-12-24 13:51:55', '2019-12-24 13:51:55', '2020-12-24 19:21:55'),
('80d5e15e01da8e6b014879cc499f4dfbcf339bb24f2cb512dc0685aafda77ef22d89ca0d30de5c29', 23, 1, 'MyApp', '[]', 0, '2020-01-03 08:47:47', '2020-01-03 08:47:47', '2021-01-03 14:17:47'),
('815d978c18c2a5126df427f76d17d21c71fc154ef593b93d1dd1d1a40b83f174a4f2ba791cfc9f10', 23, 1, 'MyApp', '[]', 0, '2020-01-03 08:46:50', '2020-01-03 08:46:50', '2021-01-03 14:16:50'),
('81de2992b1816ddbdd3812989f8ef05b3e5352b5bc9ae7f6b5aac3a06798a1dc15aaef11c20d9167', 6, 1, 'MyApp', '[]', 0, '2019-07-07 17:45:03', '2019-07-07 17:45:03', '2020-07-07 23:15:03'),
('829782da495a1534f239c0f4b7280aa8d32eecf7769a90d5acb3598f1c8ecbcabed76c9cb3180ef8', 23, 1, 'MyApp', '[]', 0, '2019-12-24 13:19:52', '2019-12-24 13:19:52', '2020-12-24 18:49:52'),
('8b5f13721ce0ebf436affcc586fb8777f34e45f807e90ccd02557fd8c7d79416e1b75bf09c8755ca', 9, 1, 'MyApp', '[]', 0, '2019-07-07 18:08:22', '2019-07-07 18:08:22', '2020-07-07 23:38:22'),
('8c0be44b45fafa258d0aa397495bc580ab03154c98b32c2d8ceaea0564759c5db62dbcdca11c1b01', 6, 1, 'MyApp', '[]', 0, '2019-07-07 21:57:10', '2019-07-07 21:57:10', '2020-07-08 03:27:10'),
('8c89d499dcba31b27763aef16ab4004a67499ac657a6199f43804e738b3bc76c0274744d1ae1d365', 23, 1, 'MyApp', '[]', 0, '2019-12-24 13:41:13', '2019-12-24 13:41:13', '2020-12-24 19:11:13'),
('8f0fb06f21505f4faa3bc1a33ae69e8265873a854bc2388a117dc6bfc04bf356a47eaf149a2b5d45', 17, 1, 'MyApp', '[]', 0, '2019-07-09 14:03:37', '2019-07-09 14:03:37', '2020-07-09 19:33:37'),
('905d7cdd9fc7fcc1005e4943795c0d05e78cb102af1037c3efc5aa9240638ed1e307d9f881025960', 4, 1, 'MyApp', '[]', 0, '2019-07-07 17:36:47', '2019-07-07 17:36:47', '2020-07-07 23:06:47'),
('925615346d088b48cbbac6d262ef064370bdacbcacaeca2724b5b2846cac33c1cf89732febabd29c', 1, 1, 'MyApp', '[]', 0, '2019-07-04 14:08:36', '2019-07-04 14:08:36', '2020-07-04 19:38:36'),
('931f955b4c0926a3fc47606a1f07cf5d3dbfd81633acec93c88d416454b320b65bd70f9f7cc8c15c', 13, 1, 'MyApp', '[]', 0, '2019-07-07 18:11:27', '2019-07-07 18:11:27', '2020-07-07 23:41:27'),
('97a3ecb573cf0042dc04763886c2b4eecef879d84ba42b70b44953477f116434afc949652ac57aaf', 17, 1, 'MyApp', '[]', 0, '2019-12-07 08:37:49', '2019-12-07 08:37:49', '2020-12-07 14:07:49'),
('a004192b4c26b81870999436a424b63c16348bcd86493d8927f19b70b68dbdb37aefbb0ac4126a41', 1, 1, 'MyApp', '[]', 0, '2019-07-04 13:22:52', '2019-07-04 13:22:52', '2020-07-04 18:52:52'),
('a445b58711b4f72b155c6f94f76f80639ecbf99a515a92e150cc1fe1afd43f900858c02824665cce', 17, 1, 'MyApp', '[]', 0, '2019-12-07 11:37:31', '2019-12-07 11:37:31', '2020-12-07 17:07:31'),
('a465a11596f0e081809bdd1c63afe321317f99b424df31e51e9dc1eefd8f0027ef1ed24f70e925ad', 6, 1, 'MyApp', '[]', 0, '2019-07-07 21:56:49', '2019-07-07 21:56:49', '2020-07-08 03:26:49'),
('a4827e565557980d8aa4ff87e1e4e5dd077b932e5690ff500a70bb2cc463d5feb56d64a6db777f2a', 1, 1, 'MyApp', '[]', 0, '2019-07-04 13:29:21', '2019-07-04 13:29:21', '2020-07-04 18:59:21'),
('a87b090e8796ec571802a0ecf902b4c384a5cdeebb6f2afdc912a2dba0547b7af734aab4a8c336e1', 3, 1, 'MyApp', '[]', 0, '2019-07-07 17:35:37', '2019-07-07 17:35:37', '2020-07-07 23:05:37'),
('ae6a279fc0bf9883a61786be8a32a95ac06710eafbbc2cbcab3a19e76b65235e077352300509b50f', 23, 1, 'MyApp', '[]', 0, '2020-01-03 08:01:59', '2020-01-03 08:01:59', '2021-01-03 13:31:59'),
('b1ea4fdacc9a355b448e7e95034eeb0da425f16548ade2f8a26f7f7a0e641cfecd9d834379af00de', 17, 1, 'MyApp', '[]', 0, '2019-07-09 13:36:05', '2019-07-09 13:36:05', '2020-07-09 19:06:05'),
('be9e501150fa03bfe0d80f41d75be5b52c06911235d76916f8cb5d25c6c4f40fc5f9c1416b3f48b2', 17, 1, 'MyApp', '[]', 0, '2019-07-09 13:34:45', '2019-07-09 13:34:45', '2020-07-09 19:04:45'),
('c0946ce77d9e7348e5c8989e4129941aa7eae4eefd2490d0f49673f6b51aec645cabc987eb5481e4', 22, 1, 'MyApp', '[]', 0, '2019-12-24 12:43:33', '2019-12-24 12:43:33', '2020-12-24 18:13:33'),
('caeaf33129090b030865e4d466e849831a41a6a4b592804ed8ecd943768cbb6a6ad839446faa42c5', 17, 1, 'MyApp', '[]', 0, '2020-01-03 09:01:40', '2020-01-03 09:01:40', '2021-01-03 14:31:40'),
('cb83b31f56d30d9b38b0dd41905f4088150914b8949099be85c9f897a4b60a21ad6f723dbe42270a', 23, 1, 'MyApp', '[]', 0, '2020-01-03 08:45:15', '2020-01-03 08:45:15', '2021-01-03 14:15:15'),
('cc1799db7a740bf67b3ec1607efb331f9435e0b9f4dbbe0c9278c06d5dcee24804e1c391f3300980', 1, 1, 'MyApp', '[]', 0, '2019-07-04 13:37:40', '2019-07-04 13:37:40', '2020-07-04 19:07:40'),
('cdf70f9d1001e903aed6e4b6d7b7fb0d2b9d5255105ed91a6b0ea0f641a496baf4f3d23b4ded4488', 16, 1, 'MyApp', '[]', 0, '2019-07-07 21:36:20', '2019-07-07 21:36:20', '2020-07-08 03:06:20'),
('d0396ba6fe74bf4577c3911ac02d2d49a3c98d52d2086c7625e9867de1474126eed192b5ae84c9d1', 17, 1, 'MyApp', '[]', 0, '2020-01-03 08:47:10', '2020-01-03 08:47:10', '2021-01-03 14:17:10'),
('d2e0600f3b4065af497434a8669c19c2c8a5681d9460dd4a4f3ea70f1e209ad5769aa2c133b2de8d', 23, 1, 'MyApp', '[]', 0, '2020-01-03 09:00:34', '2020-01-03 09:00:34', '2021-01-03 14:30:34'),
('d9652fa1fd71fc8ebc6b0554c6a5167ea0d0ce0829ffe46abbb34985116a2aa78e5e0cf655a24ac7', 11, 1, 'MyApp', '[]', 0, '2019-07-07 18:09:44', '2019-07-07 18:09:44', '2020-07-07 23:39:44'),
('dcd1154db29dd8debdefdb3daf08b9ff407dfde09e6f34508f648c67e3f1c7742e05bdbdd532b300', 23, 1, 'MyApp', '[]', 0, '2020-01-03 06:51:21', '2020-01-03 06:51:21', '2021-01-03 12:21:21'),
('e0de8cef150a650c8aab729930ffefa74688aa7d8411a4da1ac32f2d696e17cf3a9a45a079268bdd', 17, 1, 'MyApp', '[]', 0, '2019-12-24 13:11:33', '2019-12-24 13:11:33', '2020-12-24 18:41:33'),
('e0e6ec295cde2707b84c07b5780a7585af73b338a1531fc24ae664591ee7ef1b451488832be27ea0', 1, 1, 'MyApp', '[]', 0, '2019-07-04 12:49:38', '2019-07-04 12:49:38', '2020-07-04 18:19:38'),
('e2b623f33c8980be73328c2823eb30933f7bdb8e0a32f49fe290deb9e0061223421a9174bf4f09c8', 17, 1, 'MyApp', '[]', 0, '2019-11-23 11:59:22', '2019-11-23 11:59:22', '2020-11-23 17:29:22'),
('e3085fdd9eaeb658f16148ce99ef90d0fdf72b532f0ea910ec834e9c821c07a39950e7c8547c7e6a', 1, 1, 'MyApp', '[]', 0, '2019-07-04 14:20:07', '2019-07-04 14:20:07', '2020-07-04 19:50:07'),
('e3314faa7859a96b9e6bc6226292d1f1397feb689590f5bea7712a2c139cb6e81c37b9eb475650ec', 23, 1, 'MyApp', '[]', 0, '2020-01-03 06:36:45', '2020-01-03 06:36:45', '2021-01-03 12:06:45'),
('e37ce89952a0743cef9f41f6f63f731d56ec8c055d2d02808779a72ea00fa7316adb27ab1e8c6eb0', 17, 1, 'MyApp', '[]', 0, '2019-12-24 13:40:25', '2019-12-24 13:40:25', '2020-12-24 19:10:25'),
('e3a88c4b409fd0152afca90d0f1763910585cc706a742eaa8e5058a46354e64849f33b977cf143b5', 17, 1, 'MyApp', '[]', 0, '2019-07-09 13:41:17', '2019-07-09 13:41:17', '2020-07-09 19:11:17'),
('e68b4908b500933ccb43f23d86ce6dfdd8653c49f3805d9f10bb113c72915822aa936d096f8db52f', 24, 1, 'MyApp', '[]', 0, '2020-01-03 09:55:24', '2020-01-03 09:55:24', '2021-01-03 15:25:24'),
('e68d4562aad38cce4573e3b9e403a8b0977315d2d3f6a154539090a90c9915d6476cefe4e15a13a4', 1, 1, 'MyApp', '[]', 0, '2019-07-04 14:10:27', '2019-07-04 14:10:27', '2020-07-04 19:40:27'),
('e8e10594513dd3c5ecf2eff14d5f2d2fbe8b0a5905f41316750aa4397eeb71812b4ad2eb19dd0acc', 14, 1, 'MyApp', '[]', 0, '2019-07-07 18:13:07', '2019-07-07 18:13:07', '2020-07-07 23:43:07'),
('e8f7d0d8d1721cb38c2e7ae411737cae46764f576d951300d451eaddff9f00155c474c86e5298b06', 23, 1, 'MyApp', '[]', 0, '2019-12-24 12:52:57', '2019-12-24 12:52:57', '2020-12-24 18:22:57'),
('f2e2e2ca13a151caf4c38564a1cc0b0c938b195d0eb54d355aa2c4af8c213dd247f673031c1f4b94', 17, 1, 'MyApp', '[]', 0, '2020-01-04 00:35:46', '2020-01-04 00:35:46', '2021-01-04 06:05:46'),
('f6074dd83153abd4b642141e53fdabc4a059adf4fe35b6a8a6084645cd0ad0f5c5b85733f93977d0', 16, 1, 'MyApp', '[]', 0, '2019-07-07 21:58:58', '2019-07-07 21:58:58', '2020-07-08 03:28:58'),
('f7640d9e6e406061b8958d391f3b90a7791e1a8c3184e03b367441b55cfc95244d945e5abd16100d', 23, 1, 'MyApp', '[]', 0, '2019-12-24 12:53:12', '2019-12-24 12:53:12', '2020-12-24 18:23:12'),
('fec2655c8bf458a16f25a0c634b9036f69a674ad076967dcb6de82069df9c3bdfc3f5c48fb821cdc', 8, 1, 'MyApp', '[]', 0, '2019-07-07 18:07:24', '2019-07-07 18:07:24', '2020-07-07 23:37:24');

-- --------------------------------------------------------

--
-- Table structure for table `oauth_auth_codes`
--

CREATE TABLE `oauth_auth_codes` (
  `id` varchar(100) COLLATE utf8mb4_unicode_ci NOT NULL,
  `user_id` int(11) NOT NULL,
  `client_id` int(10) UNSIGNED NOT NULL,
  `scopes` text COLLATE utf8mb4_unicode_ci,
  `revoked` tinyint(1) NOT NULL,
  `expires_at` datetime DEFAULT NULL
) ENGINE=InnoDB DEFAULT CHARSET=utf8mb4 COLLATE=utf8mb4_unicode_ci;

-- --------------------------------------------------------

--
-- Table structure for table `oauth_clients`
--

CREATE TABLE `oauth_clients` (
  `id` int(10) UNSIGNED NOT NULL,
  `user_id` int(11) DEFAULT NULL,
  `name` varchar(255) COLLATE utf8mb4_unicode_ci NOT NULL,
  `secret` varchar(100) COLLATE utf8mb4_unicode_ci NOT NULL,
  `redirect` text COLLATE utf8mb4_unicode_ci NOT NULL,
  `personal_access_client` tinyint(1) NOT NULL,
  `password_client` tinyint(1) NOT NULL,
  `revoked` tinyint(1) NOT NULL,
  `created_at` timestamp NULL DEFAULT NULL,
  `updated_at` timestamp NULL DEFAULT NULL
) ENGINE=InnoDB DEFAULT CHARSET=utf8mb4 COLLATE=utf8mb4_unicode_ci;

--
-- Dumping data for table `oauth_clients`
--

INSERT INTO `oauth_clients` (`id`, `user_id`, `name`, `secret`, `redirect`, `personal_access_client`, `password_client`, `revoked`, `created_at`, `updated_at`) VALUES
(1, NULL, 'Laravel Personal Access Client', 'EU5WkI0eQXOkAnB1yAaPGdrzeviYcPsdIHYizugs', 'http://localhost', 1, 0, 0, '2019-07-04 12:00:56', '2019-07-04 12:00:56'),
(2, NULL, 'Laravel Password Grant Client', 'y3P8NqaZfvHoP5nlKvTBJ8xIayqxyMpuoWdNElcs', 'http://localhost', 0, 1, 0, '2019-07-04 12:00:57', '2019-07-04 12:00:57');

-- --------------------------------------------------------

--
-- Table structure for table `oauth_personal_access_clients`
--

CREATE TABLE `oauth_personal_access_clients` (
  `id` int(10) UNSIGNED NOT NULL,
  `client_id` int(10) UNSIGNED NOT NULL,
  `created_at` timestamp NULL DEFAULT NULL,
  `updated_at` timestamp NULL DEFAULT NULL
) ENGINE=InnoDB DEFAULT CHARSET=utf8mb4 COLLATE=utf8mb4_unicode_ci;

--
-- Dumping data for table `oauth_personal_access_clients`
--

INSERT INTO `oauth_personal_access_clients` (`id`, `client_id`, `created_at`, `updated_at`) VALUES
(1, 1, '2019-07-04 12:00:57', '2019-07-04 12:00:57');

-- --------------------------------------------------------

--
-- Table structure for table `oauth_refresh_tokens`
--

CREATE TABLE `oauth_refresh_tokens` (
  `id` varchar(100) COLLATE utf8mb4_unicode_ci NOT NULL,
  `access_token_id` varchar(100) COLLATE utf8mb4_unicode_ci NOT NULL,
  `revoked` tinyint(1) NOT NULL,
  `expires_at` datetime DEFAULT NULL
) ENGINE=InnoDB DEFAULT CHARSET=utf8mb4 COLLATE=utf8mb4_unicode_ci;

-- --------------------------------------------------------

--
-- Table structure for table `optionals`
--

CREATE TABLE `optionals` (
  `oid` int(10) NOT NULL,
  `sdid` int(10) NOT NULL,
  `min_selction` int(10) NOT NULL,
  `num_cources` int(10) NOT NULL,
  `cource_code` varchar(10) NOT NULL,
  `dep_code` varchar(10) NOT NULL
) ENGINE=InnoDB DEFAULT CHARSET=latin1;

-- --------------------------------------------------------

--
-- Table structure for table `password_resets`
--

CREATE TABLE `password_resets` (
  `email` varchar(100) COLLATE utf8mb4_unicode_ci NOT NULL,
  `token` varchar(255) COLLATE utf8mb4_unicode_ci NOT NULL,
  `created_at` timestamp NULL DEFAULT NULL
) ENGINE=InnoDB DEFAULT CHARSET=utf8mb4 COLLATE=utf8mb4_unicode_ci;

-- --------------------------------------------------------

--
-- Table structure for table `semcordinate`
--

CREATE TABLE `semcordinate` (
  `sdid` int(10) NOT NULL,
  `courceCode` varchar(10) NOT NULL,
  `type` varchar(10) DEFAULT NULL,
  `buctNumber` int(10) DEFAULT NULL,
  `crLimit` int(10) DEFAULT NULL
) ENGINE=InnoDB DEFAULT CHARSET=latin1;

--
-- Dumping data for table `semcordinate`
--

INSERT INTO `semcordinate` (`sdid`, `courceCode`, `type`, `buctNumber`, `crLimit`) VALUES
(1, 'CE1201 ', NULL, NULL, NULL),
(1, 'CO1201 ', NULL, NULL, NULL),
(1, 'EE1201 ', NULL, NULL, NULL),
(1, 'IS1151', NULL, NULL, NULL),
(1, 'IS1171 ', NULL, NULL, NULL),
(1, 'IS1281', NULL, NULL, NULL),
(1, 'IS1301', NULL, NULL, NULL),
(1, 'ME1202 ', NULL, NULL, NULL),
(1, 'ME1301', NULL, NULL, NULL),
(2, 'CE1202', NULL, NULL, NULL),
(2, 'CO1302', NULL, NULL, NULL),
(2, 'EE1302', NULL, NULL, NULL),
(2, 'IS1152', NULL, NULL, NULL),
(2, 'IS1302', NULL, NULL, NULL),
(2, 'ME1303', NULL, NULL, NULL),
(2, 'ME1304', NULL, NULL, NULL),
(3, 'CO2105', NULL, NULL, NULL),
(3, 'CO2201', NULL, NULL, NULL),
(3, 'CO2202', NULL, NULL, NULL),
(3, 'CO2203', NULL, NULL, NULL),
(3, 'CO2204', NULL, NULL, NULL),
(3, 'EE2206', NULL, NULL, NULL),
(3, 'IS2202', NULL, NULL, NULL),
(3, 'IS2261', NULL, NULL, NULL),
(3, 'IS2301', NULL, NULL, NULL),
(4, 'CO2206', NULL, NULL, NULL),
(4, 'CO2208', NULL, NULL, NULL),
(4, 'CO2209', NULL, NULL, NULL),
(4, 'CO2210', NULL, NULL, NULL),
(4, 'CO2307', NULL, NULL, NULL),
(4, 'IS2262', NULL, NULL, NULL),
(4, 'IS2303', NULL, NULL, NULL),
(4, 'ME2208', NULL, NULL, NULL),
(5, 'CO3201', NULL, NULL, NULL),
(5, 'CO3203', 'E', 1, 7),
(5, 'CO3251', 'E', 1, 7),
(5, 'CO3252', 'E', 1, 7),
(5, 'CO3261', 'E', 1, 7),
(5, 'CO3262', 'E', 1, 7),
(5, 'CO3302', NULL, NULL, NULL),
(5, 'CO3353', 'E', 1, 7),
(5, 'IS3162', NULL, NULL, NULL),
(5, 'IS3171', 'E', 2, 1),
(5, 'IS3172', 'E', 2, 1),
(5, 'IS3173', 'E', 2, 1),
(5, 'IS3201', 'O', 1, 0),
(5, 'IS3202', NULL, NULL, NULL),
(5, 'IS3203', 'O', 1, 0),
(5, 'IS3204', 'O', 1, 0),
(5, 'IS3261', NULL, NULL, NULL),
(6, 'CO3204', NULL, NULL, NULL),
(6, 'CO3205', NULL, NULL, NULL),
(6, 'CO3255', 'E', 2, 6),
(6, 'CO3256', 'E', 2, 6),
(6, 'CO3264', 'E', 2, 6),
(6, 'CO3265', 'E', 2, 6),
(6, 'CO3554', 'E', 1, 3),
(6, 'CO3563', 'E', 1, 3),
(6, 'IS3151', NULL, NULL, NULL),
(6, 'IS3175', 'E', 3, 1),
(6, 'IS3176', 'E', 3, 1),
(6, 'IS3177', 'E', 3, 1),
(6, 'IS3205', 'O', 1, 0),
(6, 'IS3206', 'O', 1, 0),
(6, 'IS3207', 'O', 1, 0),
(6, 'IS3208', 'O', 1, 0),
(6, 'IS3263', NULL, NULL, NULL),
(6, 'IS3264', NULL, NULL, NULL),
(7, 'CO35541', 'E', 1, 2),
(7, 'CO35631', 'E', 1, 2),
(7, 'CO4002', NULL, NULL, NULL),
(7, 'CO4203', NULL, NULL, NULL),
(7, 'CO4204', NULL, NULL, NULL),
(7, 'CO4301', NULL, NULL, NULL),
(7, 'CO4351', 'E', 2, 3),
(7, 'CO4352', 'E', 2, 3),
(7, 'CO4361', 'E', 2, 3),
(7, 'CO4362', 'E', 2, 3),
(7, 'IS3171 ', 'O', 1, 0),
(7, 'IS3172', ' O', 1, 0),
(7, 'IS4161', NULL, NULL, NULL),
(8, 'CO40021', NULL, NULL, NULL),
(8, 'CO4205', NULL, NULL, NULL),
(8, 'CO4254', 'E', 1, 5),
(8, 'CO4255', 'E', 1, 5),
(8, 'CO4256', 'E', 1, 5),
(8, 'CO4263', 'E', 1, 5),
(8, 'CO4306', NULL, NULL, NULL),
(8, 'CO4353', ' E', 1, 5),
(8, 'IS3175', 'E', 2, 1),
(8, 'IS3176', 'E', 2, 1),
(8, 'IS3177', 'E', 2, 1),
(8, 'IS4171', NULL, NULL, NULL);

-- --------------------------------------------------------

--
-- Table structure for table `semester`
--

CREATE TABLE `semester` (
  `sid` int(5) NOT NULL,
  `status` tinyint(1) NOT NULL,
  `year` varchar(6) NOT NULL,
  `sdid` int(10) NOT NULL
) ENGINE=InnoDB DEFAULT CHARSET=latin1;

--
-- Dumping data for table `semester`
--

INSERT INTO `semester` (`sid`, `status`, `year`, `sdid`) VALUES
(9, 1, '2016', 1),
(10, 1, '2016', 2),
(11, 1, '2016', 3),
(12, 1, '2016', 4),
(13, 1, '2016', 5),
(14, 1, '2016', 6),
(15, 1, '2016', 7),
(16, 1, '2016', 8);

-- --------------------------------------------------------

--
-- Table structure for table `sem_cordinates`
--

CREATE TABLE `sem_cordinates` (
  `id` int(10) UNSIGNED NOT NULL,
  `created_at` timestamp NULL DEFAULT NULL,
  `updated_at` timestamp NULL DEFAULT NULL
) ENGINE=InnoDB DEFAULT CHARSET=utf8mb4 COLLATE=utf8mb4_unicode_ci;

-- --------------------------------------------------------

--
-- Table structure for table `sem_details`
--

CREATE TABLE `sem_details` (
  `sdid` int(10) NOT NULL,
  `sem_number` int(10) NOT NULL,
  `dep_code` varchar(10) DEFAULT NULL
) ENGINE=InnoDB DEFAULT CHARSET=latin1;

--
-- Dumping data for table `sem_details`
--

INSERT INTO `sem_details` (`sdid`, `sem_number`, `dep_code`) VALUES
(1, 1, 'CM'),
(2, 2, 'CM'),
(3, 3, 'CO'),
(4, 4, 'CO'),
(5, 5, 'CO'),
(6, 6, 'CO'),
(7, 7, 'CO'),
(8, 8, 'CO');

-- --------------------------------------------------------

--
-- Table structure for table `student`
--

CREATE TABLE `student` (
  `indexNo` varchar(12) NOT NULL,
  `name` varchar(199) NOT NULL,
  `dep_code` varchar(5) NOT NULL,
  `year` varchar(6) NOT NULL
) ENGINE=InnoDB DEFAULT CHARSET=latin1;

--
-- Dumping data for table `student`
--

INSERT INTO `student` (`indexNo`, `name`, `dep_code`, `year`) VALUES
('16/ENG/001', 'ABESINGHA CB', 'CM', '2016'),
('16/ENG/002', 'ABEWARDHANA HM', 'CM', '2016'),
('16/ENG/003', 'AHMED MNA', 'CM', '2016'),
('16/ENG/004', 'ARTHANAYAKA KASUN', 'CM', '2016'),
('16/ENG/005', 'ARUN RAM', 'CM', '2016'),
('16/ENG/006', 'ASANA SF', 'CM', '2016'),
('16/ENG/007', 'ATHAPATHTHU DPB', 'CM', '2016'),
('16/ENG/008', 'ATHEEB MAM', 'CM', '2016'),
('16/ENG/009', 'AZEEM TM', 'CM', '2016'),
('16/ENG/010', 'BANDARA DMTM', 'CM', '2016'),
('16/ENG/011', 'BANDARA HMJJ', 'CM', '2016'),
('16/ENG/012', 'BANDARA HMNKN', 'CM', '2016'),
('16/ENG/014', 'BANDARA MRLT', 'CM', '2016'),
('16/ENG/015', 'BANDARA TMISW', 'CM', '2016'),
('16/ENG/016', 'BARUWATTA BRSB', 'CM', '2016'),
('16/ENG/017', 'BUDDHIKA BC', 'CM', '2016'),
('16/ENG/018', 'CHANDIKA UY', 'CM', '2016'),
('16/ENG/019', 'CHANDRASEKARA GRL', 'CM', '2016'),
('16/ENG/020', 'DASANAYAKA AGCU', 'CM', '2016'),
('16/ENG/022', 'FAYAS MLM', 'CM', '2016'),
('16/ENG/023', 'FERNANDU WRM', 'CM', '2016'),
('16/ENG/024', 'GAJANAYAKA GMLP', 'CM', '2016'),
('16/ENG/025', 'GOWRISHANKARAN R', 'CM', '2016'),
('16/ENG/026', 'GUNERATHNA DMCR', 'CM', '2016'),
('16/ENG/027', 'GUNEWARDHANWA RAST', 'CM', '2016'),
('16/ENG/029', 'HERATH HMMISSB', 'CM', '2016'),
('16/ENG/030', 'HETTIARACHCHI HHADMN', 'CM', '2016'),
('16/ENG/031', 'HIRUSHIKESHAN', 'CM', '2016'),
('16/ENG/032', 'IHTHIZAM', 'CM', '2016'),
('16/ENG/033', 'ILLANKOON IMSU', 'CM', '2016'),
('16/ENG/034', 'JAYARATHNE WMGP', 'CM', '2016'),
('16/ENG/035', 'JAYARATHNE MGRL', 'CM', '2016'),
('16/ENG/036', 'JAYASINGHA DMR', 'CM', '2016'),
('16/ENG/037', 'JAYASINGHA RD', 'CM', '2016'),
('16/ENG/038', 'JAYASOORIYA DCPV', 'CM', '2016'),
('16/ENG/039', 'JAYASURIYA KKDDP', 'CM', '2016'),
('16/ENG/040', 'JAYATHILAKE SADJ', 'CM', '2016'),
('16/ENG/041', 'JAYAWEERA JNM', 'CM', '2016'),
('16/ENG/042', 'JAYASEELAN V', 'CM', '2016'),
('16/ENG/043', 'KANNANGARA VT', 'CM', '2016'),
('16/ENG/044', 'KARUNANANYAKA KMKS', 'CM', '2016'),
('16/ENG/045', 'KAVINDA SHS', 'CM', '2016'),
('16/ENG/046', 'KAVINTHAN J', 'CM', '2016'),
('16/ENG/047', 'KITHUSHAN M', 'CM', '2016'),
('16/ENG/048', 'KUMARASIRI BU', 'CM', '2016'),
('16/ENG/049', 'MADHUMADAWA DDK', 'CM', '2016'),
('16/ENG/050', 'MANARAJ M', 'CM', '2016'),
('16/ENG/051', 'MATHANRAJ R', 'CM', '2016'),
('16/ENG/052', 'MAHAIMIN MWMA', 'CM', '2016'),
('16/ENG/053', 'NERANGAMA CH', 'CM', '2016'),
('16/ENG/054', 'NILWALA NGMP', 'CM', '2016'),
('16/ENG/055', 'NISHAN KM', 'CM', '2016'),
('16/ENG/056', 'NISHANTA RLK', 'CM', '2016'),
('16/ENG/057', 'NUWAN KAD', 'CM', '2016'),
('16/ENG/058', 'OPENAYAKA RY', 'CM', '2016'),
('16/ENG/059', 'PRATHEEPAN T', 'CM', '2016'),
('16/ENG/060', 'PREMASIRI RAGB', 'CM', '2016'),
('16/ENG/061', 'PERERA GEU', 'CM', '2016'),
('16/ENG/062', 'PERERA JIASA', 'CM', '2016'),
('16/ENG/063', 'PERERA KTLO', 'CM', '2016'),
('16/ENG/064', 'PIRATHEES U', 'CM', '2016'),
('16/ENG/065', 'PROBHODHANA LTRJ', 'CM', '2016'),
('16/ENG/066', 'PRIYANKARA SHLT', 'CM', '2016'),
('16/ENG/067', 'PUVIRAJ T', 'CM', '2016'),
('16/ENG/068', 'RADCHAGAGN T', 'CM', '2016'),
('16/ENG/069', 'RAJAPAKSKE RKAM', 'CM', '2016'),
('16/ENG/070', 'RAJAPAKSKE RMNK', 'CM', '2016'),
('16/ENG/071', 'RAJAPAKSKE RMSA', 'CM', '2016'),
('16/ENG/073', 'RANSINGHA AGIP', 'CM', '2016'),
('16/ENG/074', 'RANDIKA KADLD', 'CM', '2016'),
('16/ENG/075', 'RANJAN JJBD', 'CM', '2016'),
('16/ENG/076', 'RANMADHU WDKR', 'CM', '2016'),
('16/ENG/078', 'RATHNASEKARA SHU', 'CM', '2016'),
('16/ENG/079', 'RATHNAYAKA KR', 'CM', '2016'),
('16/ENG/080', 'RATHNAYAKA RMAC', 'CM', '2016'),
('16/ENG/081', 'RATHUGAMA RS', 'CM', '2016'),
('16/ENG/082', 'RUKSHATHAN S', 'CM', '2016'),
('16/ENG/083', 'RUPASINGHA RWPK', 'CM', '2016'),
('16/ENG/084', 'RUSHANTHAN M', 'CM', '2016'),
('16/ENG/085', 'SACHINTHANA BDD', 'CM', '2016'),
('16/ENG/086', 'SATHY MM', 'CM', '2016'),
('16/ENG/087', 'SAMARAKOON SMMR', 'CM', '2016'),
('16/ENG/088', 'SAMARANAYAKA SHIA', 'CM', '2016'),
('16/ENG/089', 'SAMARANAYAKA UDCM', 'CM', '2016'),
('16/ENG/090', 'SANAS MF', 'CM', '2016'),
('16/ENG/091', 'SANCHAYAN S', 'CM', '2016'),
('16/ENG/092', 'SANJULA DASN', 'CM', '2016'),
('16/ENG/093', 'SATHISCHANDRA', 'CM', '2016'),
('16/ENG/094', 'SENNANAYAKA SS', 'CM', '2016'),
('16/ENG/095', 'SEDURAN R', 'CM', '2016'),
('16/ENG/096', 'SERAN S', 'CM', '2016'),
('16/ENG/097', 'SIRIWARDHANA AHMS', 'CM', '2016'),
('16/ENG/098', 'SUWAWEERA SMDV', 'CM', '2016'),
('16/ENG/099', 'TENARANSE R', 'CM', '2016'),
('16/ENG/100', 'THEWANAN KUMARAN', 'CM', '2016'),
('16/ENG/101', 'THILAKARATHNE MSUE', 'CM', '2016'),
('16/ENG/103', 'VIBHEESHANA NES', 'CM', '2016'),
('16/ENG/104', 'VINUJA S', 'CM', '2016'),
('16/ENG/105', 'WANNINAYAKA WMS', 'CM', '2016'),
('16/ENG/106', 'WASALAMUDALI OPWMH', 'CM', '2016'),
('16/ENG/107', 'WEERAKKOODI WDP', 'CM', '2016'),
('16/ENG/108', 'WEERAKOON WMDKC', 'CM', '2016'),
('16/ENG/109', 'WEERASINGHA WND', 'CM', '2016'),
('16/ENG/110', 'WERALIYADDA RMRB', 'CM', '2016'),
('16/ENG/111', 'WICRAMARATHNA GDN', 'CM', '2016'),
('16/ENG/113', 'WICRAMASING WMHCDS', 'CM', '2016'),
('16/ENG/114', 'WIJERATHNE BMDS', 'CM', '2016'),
('16/ENG/115', 'WIRAJITH JAD', 'CM', '2016'),
('16/ENG/116', 'YASEERA MSM', 'CM', '2016'),
('16/ENG/117', 'ABEWICHARAMA DAI', 'CM', '2016'),
('16/ENG/118', 'DE SILVA KMS', 'CM', '2016'),
('16/ENG/119', 'THAVARAJA E', 'CM', '2016'),
('16/ENG/120', 'AHMED AH', 'CM', '2016'),
('16/ENG/121', 'PERERA ULAD', 'CM', '2016'),
('16/ENG/122', 'SUBASIRI CD', 'CM', '2016'),
('16/ENG/123', 'WITHANACHCHI KWND', 'CM', '2016'),
('16/ENG/124', 'NATHEEM MNM', 'CM', '2016'),
('16/ENG/125', 'AASIF LM', 'CM', '2016'),
('16/ENG/126', 'SUBNUM MNSM', 'CM', '2016'),
('16/ENG/127', 'AURANGA SS', 'CM', '2016');

-- --------------------------------------------------------

--
-- Table structure for table `users`
--

CREATE TABLE `users` (
  `id` int(10) UNSIGNED NOT NULL,
  `name` varchar(255) COLLATE utf8mb4_unicode_ci NOT NULL,
  `email` varchar(100) COLLATE utf8mb4_unicode_ci NOT NULL,
  `email_verified_at` timestamp NULL DEFAULT NULL,
  `password` varchar(255) COLLATE utf8mb4_unicode_ci NOT NULL,
  `remember_token` varchar(100) COLLATE utf8mb4_unicode_ci DEFAULT NULL,
  `created_at` timestamp NULL DEFAULT NULL,
  `updated_at` timestamp NULL DEFAULT NULL,
  `dep_code` varchar(5) CHARACTER SET latin1 DEFAULT NULL
) ENGINE=InnoDB DEFAULT CHARSET=utf8mb4 COLLATE=utf8mb4_unicode_ci;

--
-- Dumping data for table `users`
--

INSERT INTO `users` (`id`, `name`, `email`, `email_verified_at`, `password`, `remember_token`, `created_at`, `updated_at`, `dep_code`) VALUES
(2, 'Dr Randima', 'COhod@gmail.com', NULL, '$2y$10$Ztghn2SK1SykJx/ObPt3ruCcY7fKFyE5W8hbw6bih0Vu3kKxexL9i', '0JHGRE2iREL8v8yyPh77BGIXkGhgCiw1EBFx3o5zGbUvsrVkefXfhmXL9Knr', '2019-07-07 16:09:26', '2019-07-07 16:09:26', 'CO'),
(6, 'Dr Konthasinghe1', 'HODCE@gmail.com', NULL, '$2y$10$MhJ.FRTQDh5PfWs2Z1W3T.g2c5eePjGRoibH7SFh.RjfdEr/AsKwu', NULL, '2019-07-07 17:45:03', '2019-07-07 17:45:03', 'CE'),
(17, 'Dr Akila', 'dean1@gmail.com', NULL, '$2y$10$pPOD5kmlMlARkzm0CD7vR.93n0722Udsyl4FYb68nzHdNHhOTrPj6', NULL, '2019-07-09 07:51:45', '2019-07-09 07:51:45', 'dean'),
(18, 'cmma', 'm1@gmail.com', NULL, '$2y$10$XDkkXtC1CM.m/37ujcOjL.NVK8nNzgyDu9aFrvd9DGciV.7kmthKe', NULL, '2019-12-24 12:31:20', '2019-12-24 12:31:20', NULL),
(24, 'Dr Udaya12', 'HODEE@gmail.com', NULL, '$2y$10$BS7pz5un5RGFkITuhPOGyuGfYpdkTQP9ryUgqzYvr/80qfe47Gcli', NULL, '2020-01-03 09:55:24', '2020-01-03 09:55:24', 'EE'),
(27, 'ABESINGHA CB', '16/ENG/001', NULL, '$2y$10$PjM2G8SSdJNY3wtx.SIZuuSHAwwEZZWk6OpIoSwmQpc62mbfpaTwW', NULL, '2020-01-04 00:10:26', '2020-01-04 00:10:26', NULL),
(28, 'ABEWARDHANA HM', '16/ENG/002', NULL, '$2y$10$bxTLFTbh2mGEpiXjs67oeeoJyr7HMU0QV60C2yKR1/Earyqi.9JVS', NULL, '2020-01-04 00:10:26', '2020-01-04 00:10:26', NULL),
(29, 'AHMED MNA', '16/ENG/003', NULL, '$2y$10$0/mKOQJCNe3Q9WClJBKLL.wxrCZewekf80JhFRsJ0Ko4tbuqpaVNy', NULL, '2020-01-04 00:10:27', '2020-01-04 00:10:27', NULL),
(30, 'ARTHANAYAKA KASUN', '16/ENG/004', NULL, '$2y$10$d0ld5qNDNgy39sPeiMNU8OoCLrcwgltpHbtTi2ucVzNaA7jF87yt2', NULL, '2020-01-04 00:10:27', '2020-01-04 00:10:27', NULL),
(31, 'ARUN RAM', '16/ENG/005', NULL, '$2y$10$MO7jLLtT086loHQLujNYXOA.YOssKqhMXAmN/nghXnw8SbgiYJ5Xa', NULL, '2020-01-04 00:10:27', '2020-01-04 00:10:27', NULL),
(32, 'ASANA SF', '16/ENG/006', NULL, '$2y$10$Qo6XeBBVluZugvttyGCk5OK4kR296vjO9Etu2ZeSRr0XC4KACwEdi', NULL, '2020-01-04 00:10:27', '2020-01-04 00:10:27', NULL),
(33, 'ATHAPATHTHU DPB', '16/ENG/007', NULL, '$2y$10$LdyeamrorINXS.e0W8WWi.vPhmCXrLnajFqBdX7T1R/O2BL/KZ.zy', NULL, '2020-01-04 00:10:27', '2020-01-04 00:10:27', NULL),
(34, 'ATHEEB MAM', '16/ENG/008', NULL, '$2y$10$VSDKkBs2jAYnpWZ09c642uQHNyLTKo8sM6NCEkBYRSxX5KBdKKNFa', NULL, '2020-01-04 00:10:27', '2020-01-04 00:10:27', NULL),
(35, 'AZEEM TM', '16/ENG/009', NULL, '$2y$10$zsaxMlhlI63c76s.DqDBXuhzmwJwrhZFDZZ3EXyuQC0fm.V2C4FyS', NULL, '2020-01-04 00:10:27', '2020-01-04 00:10:27', NULL),
(36, 'BANDARA DMTM', '16/ENG/010', NULL, '$2y$10$lmvN.6/mG4iWERjNf91j9.zu0wmc/kgpnYUZbwjl/BJKWEh.grWPm', NULL, '2020-01-04 00:10:27', '2020-01-04 00:10:27', NULL),
(37, 'BANDARA HMJJ', '16/ENG/011', NULL, '$2y$10$IscFLlgchPZfmzzHfLTu/OcXZt1cQGeBOzDITowjPr826M42QgeJS', NULL, '2020-01-04 00:10:28', '2020-01-04 00:10:28', NULL),
(38, 'BANDARA HMNKN', '16/ENG/012', NULL, '$2y$10$kHAwDLQBHdEFwzSVQEvVKe2/DGocTguvTFzK3NreFzPbixTgwdYwe', NULL, '2020-01-04 00:10:28', '2020-01-04 00:10:28', NULL),
(39, 'BANDARA MRLT', '16/ENG/014', NULL, '$2y$10$MDxbK6bWYB6oMx2wIkrhYOgCe5AObvAV5kMs7SyKsAJ1WU69QP4zm', NULL, '2020-01-04 00:10:28', '2020-01-04 00:10:28', NULL),
(40, 'BANDARA TMISW', '16/ENG/015', NULL, '$2y$10$vMiDRgdkngQyxQJIPvMPE.rgOtesu3tUyiCpE6VDy8ZXbalPpTDKe', NULL, '2020-01-04 00:10:28', '2020-01-04 00:10:28', NULL),
(41, 'BARUWATTA BRSB', '16/ENG/016', NULL, '$2y$10$RKHofFsmS.HBTYY0NaIbHOBpi1YlyVD0nnmafGZOp.lwqTr7AdjuG', NULL, '2020-01-04 00:10:28', '2020-01-04 00:10:28', NULL),
(42, 'BUDDHIKA BC', '16/ENG/017', NULL, '$2y$10$u.85vsqVsr1W25sN4U83zegTZ0rwS95QG1DkiE6JunrcxRpZ0QTGW', NULL, '2020-01-04 00:10:28', '2020-01-04 00:10:28', NULL),
(43, 'CHANDIKA UY', '16/ENG/018', NULL, '$2y$10$JmSpPTz4Rb7UbyB0LXmpKO.x5R0OA02DeJd6xsnHmfUccUD0aVIZW', NULL, '2020-01-04 00:10:28', '2020-01-04 00:10:28', NULL),
(44, 'CHANDRASEKARA GRL', '16/ENG/019', NULL, '$2y$10$/0.RFkP1psVfVuYOIEj8duwM0ihriWHGYPRbrMzil3dC6SyJGFHVK', NULL, '2020-01-04 00:10:28', '2020-01-04 00:10:28', NULL),
(45, 'DASANAYAKA AGCU', '16/ENG/020', NULL, '$2y$10$0B37Pe9ktN3DJSQphYhJQu.1VcigfDYQSU7Y9FOB/vJSbrkISiuMu', NULL, '2020-01-04 00:10:29', '2020-01-04 00:10:29', NULL),
(46, 'FAYAS MLM', '16/ENG/022', NULL, '$2y$10$xPAdRhf9y2xp1xuW3.E.Ee8GrR12g/fsKopHX1JPPQ.pHmC.61Pm.', NULL, '2020-01-04 00:10:29', '2020-01-04 00:10:29', NULL),
(47, 'FERNANDU WRM', '16/ENG/023', NULL, '$2y$10$4OCrlGs36phulo0BWTb/4OJR/.jTI5Wwq.DdO94vLZyH..8mU6iLC', NULL, '2020-01-04 00:10:29', '2020-01-04 00:10:29', NULL),
(48, 'GAJANAYAKA GMLP', '16/ENG/024', NULL, '$2y$10$7Su9O2TAA2qO.rbPmzTReOGv3M/ZVMHw2iY42ak4RYnHy.FTTe2lC', NULL, '2020-01-04 00:10:29', '2020-01-04 00:10:29', NULL),
(49, 'GOWRISHANKARAN R', '16/ENG/025', NULL, '$2y$10$8a8oeOhwiPHn2AmjFR5u2eVSRAr7rsFwdFsFc3/dEfwI.oqlXZujG', NULL, '2020-01-04 00:10:29', '2020-01-04 00:10:29', NULL),
(50, 'GUNERATHNA DMCR', '16/ENG/026', NULL, '$2y$10$UXLSHCdVk/Ukul4l/Bl5ouwO2U7l4yDMaM4lhC7wqy8lCQK3V/0lu', NULL, '2020-01-04 00:10:29', '2020-01-04 00:10:29', NULL),
(51, 'GUNEWARDHANWA RAST', '16/ENG/027', NULL, '$2y$10$HPp6INltfmFOyQDEdx5vO.YTFunhAdSihCiRMfSBEPsdQWI0rs2zq', NULL, '2020-01-04 00:10:29', '2020-01-04 00:10:29', NULL),
(52, 'HERATH HMMISSB', '16/ENG/029', NULL, '$2y$10$ynmRVA.7DJvfPXHYKqfGw.I6/KA95idKu/1iwrlAW9eu3N7uff36a', NULL, '2020-01-04 00:10:29', '2020-01-04 00:10:29', NULL),
(53, 'HETTIARACHCHI HHADMN', '16/ENG/030', NULL, '$2y$10$7SwbjDmMVIXtn/3aSg7.V.8HXcX9W9KGxBv.ViB1mpKI/HWE/dl9.', NULL, '2020-01-04 00:10:29', '2020-01-04 00:10:29', NULL),
(54, 'HIRUSHIKESHAN', '16/ENG/031', NULL, '$2y$10$X2jxwVRZ9N4duQ7bIy9KP.mhgRwBjnK7FOSWQ.tHI.j/5SbtK5enm', NULL, '2020-01-04 00:10:30', '2020-01-04 00:10:30', NULL),
(55, 'IHTHIZAM', '16/ENG/032', NULL, '$2y$10$lZ47/MiUP5dmKLJfcngTS.aqSM3oYD4HuWLVV7zhwGK1laVHbO9iS', NULL, '2020-01-04 00:10:30', '2020-01-04 00:10:30', NULL),
(56, 'ILLANKOON IMSU', '16/ENG/033', NULL, '$2y$10$H17tcwcYiwfARYwxk5XYYus2eaXZuNnQe85Ip0gjxtdLMkIgtZZD6', NULL, '2020-01-04 00:10:30', '2020-01-04 00:10:30', NULL),
(57, 'JAYARATHNE WMGP', '16/ENG/034', NULL, '$2y$10$JBcEw/X8C/MlufdGEE7z5OKZYoKKKo2HKPJDg0GlQIkMik.GxSyBm', NULL, '2020-01-04 00:10:30', '2020-01-04 00:10:30', NULL),
(58, 'JAYARATHNE MGRL', '16/ENG/035', NULL, '$2y$10$P4NNcm2emPfsJnRKYpIG3eYQkM2Qozz.GcfSH8m1jHBef8YY4lPP2', NULL, '2020-01-04 00:10:30', '2020-01-04 00:10:30', NULL),
(59, 'JAYASINGHA DMR', '16/ENG/036', NULL, '$2y$10$2flTRLeE9QfsqjCcHUldUejbMFjJfbEgdUF8tQFAGkSZxNQwLBw7.', NULL, '2020-01-04 00:10:30', '2020-01-04 00:10:30', NULL),
(60, 'JAYASINGHA RD', '16/ENG/037', NULL, '$2y$10$f3EaLFFI5vN0R8ybNSxoz.gdFO.nOv.bcibNAX1NkJcqBXQeeVaLq', NULL, '2020-01-04 00:10:30', '2020-01-04 00:10:30', NULL),
(61, 'JAYASOORIYA DCPV', '16/ENG/038', NULL, '$2y$10$wArHLET2GqKaOwYmX0PM2ejYzTUGbjlZ4MEY2.jIZbNRD.5vmQSvO', NULL, '2020-01-04 00:10:30', '2020-01-04 00:10:30', NULL),
(62, 'JAYASURIYA KKDDP', '16/ENG/039', NULL, '$2y$10$7fWSCcx5VMbUxlRZhZZv5eAnXAYTMJqaQhzJCAGkI5SJWWo8DvhgW', NULL, '2020-01-04 00:10:31', '2020-01-04 00:10:31', NULL),
(63, 'JAYATHILAKE SADJ', '16/ENG/040', NULL, '$2y$10$aqjQt5/qmeUFEVs7nCk/5O0YlKly4HpHC9B0qTLR6J7T1Ei2dSGuq', NULL, '2020-01-04 00:10:31', '2020-01-04 00:10:31', NULL),
(64, 'JAYAWEERA JNM', '16/ENG/041', NULL, '$2y$10$elypmdIkT5UmTvI5r0aoLeN6l0qVmMSSn5i6zXDmp4f3UJfYF71Zu', NULL, '2020-01-04 00:10:31', '2020-01-04 00:10:31', NULL),
(65, 'JAYASEELAN V', '16/ENG/042', NULL, '$2y$10$W4YPfnsoS1U3uQCk4CvtTud.HNzFH4OmYUfpJus64O8vejJ8yRkWO', NULL, '2020-01-04 00:10:31', '2020-01-04 00:10:31', NULL),
(66, 'KANNANGARA VT', '16/ENG/043', NULL, '$2y$10$C4fRzUtVMsQzd033n99IoOV1FcFj3529RxyOEN/mTj/mAkylSY6Ie', NULL, '2020-01-04 00:10:31', '2020-01-04 00:10:31', NULL),
(67, 'KARUNANANYAKA KMKS', '16/ENG/044', NULL, '$2y$10$.mfjtMR0QDLcwNjIOBXaouMvFB2RgLEN/BhTLZATg4k2tR/.bu/my', NULL, '2020-01-04 00:10:31', '2020-01-04 00:10:31', NULL),
(68, 'KAVINDA SHS', '16/ENG/045', NULL, '$2y$10$Xeo6rPT2UhX9nwy2nhV6HeGGIYJhJ0zuLLZ9IAYD.iBgk.9/T74J2', NULL, '2020-01-04 00:10:31', '2020-01-04 00:10:31', NULL),
(69, 'KAVINTHAN J', '16/ENG/046', NULL, '$2y$10$3ht6tGwbhYeWzsbtmUejtuLRZ.4ZjNGhPUC6ElOkk17g2xTMgw16S', NULL, '2020-01-04 00:10:31', '2020-01-04 00:10:31', NULL),
(70, 'KITHUSHAN M', '16/ENG/047', NULL, '$2y$10$UqFvExh3jhWk2U9/KuRGWOHtD2SqKPq2l8eSwv0QPVGIxuiXRzaYS', NULL, '2020-01-04 00:10:31', '2020-01-04 00:10:31', NULL),
(71, 'KUMARASIRI BU', '16/ENG/048', NULL, '$2y$10$DSXNlBI/nLDAddNg3/C1nOFrBvHVOce1VjV.u7NLoHVwDWBW.lI.O', NULL, '2020-01-04 00:10:32', '2020-01-04 00:10:32', NULL),
(72, 'MADHUMADAWA DDK', '16/ENG/049', NULL, '$2y$10$2VykUli.HuPQ5biqeY5Oqulr6dfbnXOQTy0r5zcrpGp9uhefy8BQ.', NULL, '2020-01-04 00:10:32', '2020-01-04 00:10:32', NULL),
(73, 'MANARAJ M', '16/ENG/050', NULL, '$2y$10$WDpsFdRNR6daCH2PNwupK.J.COqzrIMyW4nL80nCJK8gdpoCaJDZe', NULL, '2020-01-04 00:10:32', '2020-01-04 00:10:32', NULL),
(74, 'MATHANRAJ R', '16/ENG/051', NULL, '$2y$10$WH0oCHYl2fRmB5f1P5VjcOoFevpH/dI3hcjdKMXPSx7hVzrOPFyVO', NULL, '2020-01-04 00:10:32', '2020-01-04 00:10:32', NULL),
(75, 'MAHAIMIN MWMA', '16/ENG/052', NULL, '$2y$10$Kw41vf/2OZGPzn00udRk8eMXNcWeU6nQs8eKtffRJTNGbMpP.yZ.S', NULL, '2020-01-04 00:10:32', '2020-01-04 00:10:32', NULL),
(76, 'NERANGAMA CH', '16/ENG/053', NULL, '$2y$10$Jod9Pvt7qfM4EOsEdAp4SuVQIQCQHCeJVkaU2rcihipF86KzoGQE6', NULL, '2020-01-04 00:10:32', '2020-01-04 00:10:32', NULL),
(77, 'NILWALA NGMP', '16/ENG/054', NULL, '$2y$10$wd/RNsMguevyQ8zhfdN39eZnMCw16dShg/grsdw5GoXBSw/fxKix6', NULL, '2020-01-04 00:10:32', '2020-01-04 00:10:32', NULL),
(78, 'NISHAN KM', '16/ENG/055', NULL, '$2y$10$YGR98pWlBX1NeE9J5sBmx.0bYMxdtYja9swqE9qas7BzrFal/tFPu', NULL, '2020-01-04 00:10:32', '2020-01-04 00:10:32', NULL),
(79, 'NISHANTA RLK', '16/ENG/056', NULL, '$2y$10$jsbwwAoUUAyH5cFnwwnlG.OdOn6mbkUnG1GywKQWFuUsZDccAB5o6', NULL, '2020-01-04 00:10:33', '2020-01-04 00:10:33', NULL),
(80, 'NUWAN KAD', '16/ENG/057', NULL, '$2y$10$P0sknPQqKyPIHBXXvnoTx.wZc85h8YWQADMP48qUgwv9ZLTz.H98u', NULL, '2020-01-04 00:10:33', '2020-01-04 00:10:33', NULL),
(81, 'OPENAYAKA RY', '16/ENG/058', NULL, '$2y$10$UCzTV7VRsU71uzvyLS/knOzXnFHYPoaaIuxyzwZv1W77jetfQmaJW', NULL, '2020-01-04 00:10:33', '2020-01-04 00:10:33', NULL),
(82, 'PRATHEEPAN T', '16/ENG/059', NULL, '$2y$10$CL754hA/KKi6Q4f.H9o6WOrftdqDSLvR9eFTV.6hAYlzXUCHQOvBO', NULL, '2020-01-04 00:10:33', '2020-01-04 00:10:33', NULL),
(83, 'PREMASIRI RAGB', '16/ENG/060', NULL, '$2y$10$pAvPEnG02WSXcemq0WbuzuqVo2pp7aoqAMR4ZvCu.LWIZA9mknEzm', NULL, '2020-01-04 00:10:33', '2020-01-04 00:10:33', NULL),
(84, 'PERERA GEU', '16/ENG/061', NULL, '$2y$10$AijIxXdO44dh.A5NECv6FuSFa3t4izvq58SbQUukgvXIuaJrrZley', NULL, '2020-01-04 00:10:33', '2020-01-04 00:10:33', NULL),
(85, 'PERERA JIASA', '16/ENG/062', NULL, '$2y$10$4FiWleSgC67PGDuePeKQaeSqnLY/tdSNKB25khdJp45rOx52MO4Ze', NULL, '2020-01-04 00:10:33', '2020-01-04 00:10:33', NULL),
(86, 'PERERA KTLO', '16/ENG/063', NULL, '$2y$10$dRfPxAZI2xusDrjgP1Bq6OYSLiIS.U.m0Xdzc9ko2RT7HMaVjHPga', NULL, '2020-01-04 00:10:33', '2020-01-04 00:10:33', NULL),
(87, 'PIRATHEES U', '16/ENG/064', NULL, '$2y$10$X3LtYuP.LPXe7OtrLOTm3uM19TPWuJ/lu//MW.d2bxE6SZJHhwdVi', NULL, '2020-01-04 00:10:34', '2020-01-04 00:10:34', NULL),
(88, 'PROBHODHANA LTRJ', '16/ENG/065', NULL, '$2y$10$eJIdYZXNcCtYPJPyPaWm4uLb2JHFoc01eA1q/.PZQ1mJ6XASUMiHq', NULL, '2020-01-04 00:10:34', '2020-01-04 00:10:34', NULL),
(89, 'PRIYANKARA SHLT', '16/ENG/066', NULL, '$2y$10$kBDUeDVqTnkuX5DfqHzLKOTMaZIHlxcuazpXQ/T5Zv1Zo52VJHjpa', NULL, '2020-01-04 00:10:34', '2020-01-04 00:10:34', NULL),
(90, 'PUVIRAJ T', '16/ENG/067', NULL, '$2y$10$DkijgfEqG7a0tEqkRM8veeed3D7pBf.PQjDlayitkpoa5SFtCPezq', NULL, '2020-01-04 00:10:34', '2020-01-04 00:10:34', NULL),
(91, 'RADCHAGAGN T', '16/ENG/068', NULL, '$2y$10$i4d5SnXYCDfqozjOkQHPVOZAjLp/O7F67CY25OJ/ja0preeP9tkQS', NULL, '2020-01-04 00:10:34', '2020-01-04 00:10:34', NULL),
(92, 'RAJAPAKSKE RKAM', '16/ENG/069', NULL, '$2y$10$.oH112JelKksS1PBdOIQX.48lHM0WJ5Yup2t4kWAlH.2bxRj4Mehu', NULL, '2020-01-04 00:10:34', '2020-01-04 00:10:34', NULL),
(93, 'RAJAPAKSKE RMNK', '16/ENG/070', NULL, '$2y$10$oh3/XQGVr509/w5Vye2xjOC9efX/1C08XrZnfgXvwLVhqAygevVLm', NULL, '2020-01-04 00:10:34', '2020-01-04 00:10:34', NULL),
(94, 'RAJAPAKSKE RMSA', '16/ENG/071', NULL, '$2y$10$HMBX.ApIHI1jXwvZrc9ewuRka5uc.s.ZIf6PWuSalaP8wqaIFxvL6', NULL, '2020-01-04 00:10:35', '2020-01-04 00:10:35', NULL),
(95, 'RANSINGHA AGIP', '16/ENG/073', NULL, '$2y$10$VuAUNtLks..vFYKuoYq/BuF17P/H07wyf43bwMWZKFwXbozNJTJaK', NULL, '2020-01-04 00:10:35', '2020-01-04 00:10:35', NULL),
(96, 'RANDIKA KADLD', '16/ENG/074', NULL, '$2y$10$xJm0uh6ieBkQmnYN4BjMrOeVRfA8F.moMhDJ8wCx/UFPV/hNp3SyK', NULL, '2020-01-04 00:10:35', '2020-01-04 00:10:35', NULL),
(97, 'RANJAN JJBD', '16/ENG/075', NULL, '$2y$10$x4gAYlef6POtHYD3Rm7IZuPMFrLc.ME61PQJY4.sNeBNZLw5SAQlC', NULL, '2020-01-04 00:10:35', '2020-01-04 00:10:35', NULL),
(98, 'RANMADHU WDKR', '16/ENG/076', NULL, '$2y$10$9XKs94p4uvC1bsXJtaxXaeOGiCCofbO7JrQ97GamY.BxWr.chjsgy', NULL, '2020-01-04 00:10:35', '2020-01-04 00:10:35', NULL),
(99, 'RATHNASEKARA SHU', '16/ENG/078', NULL, '$2y$10$4/0vZOtrI7gejJfr1kaSE.ydYbTt3YkXWKcEqPyuRbUEl9fSIrtvi', NULL, '2020-01-04 00:10:36', '2020-01-04 00:10:36', NULL),
(100, 'RATHNAYAKA KR', '16/ENG/079', NULL, '$2y$10$DXdpKgGfVAietHEr1yQgTeWA/9xVF5V1sBDbS8VW83L9CldAbTQhW', NULL, '2020-01-04 00:10:36', '2020-01-04 00:10:36', NULL),
(101, 'RATHNAYAKA RMAC', '16/ENG/080', NULL, '$2y$10$2cwwR9NcnFxDYqAhF7.abeEN70n8UEIVXFdOovE7wCJcwmXa78Q2a', NULL, '2020-01-04 00:10:36', '2020-01-04 00:10:36', NULL),
(102, 'RATHUGAMA RS', '16/ENG/081', NULL, '$2y$10$iUWfHvtGjWRokjUQk2o1OuFxtSYK6Q2B0d7UXMTW/K1uXpDbq3MOG', NULL, '2020-01-04 00:10:36', '2020-01-04 00:10:36', NULL),
(103, 'RUKSHATHAN S', '16/ENG/082', NULL, '$2y$10$ECkoyTJs.1I7yaxtqVwLAuxaPt72bZskI9m8JiVjffjPf9poF0atO', NULL, '2020-01-04 00:10:36', '2020-01-04 00:10:36', NULL),
(104, 'RUPASINGHA RWPK', '16/ENG/083', NULL, '$2y$10$zeYylHKZO/zDoEtfuU7VTuRtolt9fZ7GsJaZhrXnAwZn0PwSSyVlO', NULL, '2020-01-04 00:10:36', '2020-01-04 00:10:36', NULL),
(105, 'RUSHANTHAN M', '16/ENG/084', NULL, '$2y$10$jFKDXvymF7cL0fa6QJplt.D/M/5yZDRQKo.8WEvN39bZ38K5qTlgK', NULL, '2020-01-04 00:10:36', '2020-01-04 00:10:36', NULL),
(106, 'SACHINTHANA BDD', '16/ENG/085', NULL, '$2y$10$QeV65sm/PmmzeVfnmJNvG.LjOUB2EXptH2R.rVAZzgcDe.JGnJ1ai', NULL, '2020-01-04 00:10:37', '2020-01-04 00:10:37', NULL),
(107, 'SATHY MM', '16/ENG/086', NULL, '$2y$10$AupXvHMfGY3rHBrrHz/RO.rmeSuSUX3xi1M45UDbKEMfKoyQ9zuZ.', NULL, '2020-01-04 00:10:37', '2020-01-04 00:10:37', NULL),
(108, 'SAMARAKOON SMMR', '16/ENG/087', NULL, '$2y$10$036b61lqhcRM8QcEsNzA/O32AzwXaZqoxEePxLjdwV2jHk83EL7Ru', NULL, '2020-01-04 00:10:37', '2020-01-04 00:10:37', NULL),
(109, 'SAMARANAYAKA SHIA', '16/ENG/088', NULL, '$2y$10$jMDtMfHWW33SRTaPyx.Q8.ymydTMDI5P4Hd33l2fg3.2E8h9qXK62', NULL, '2020-01-04 00:10:37', '2020-01-04 00:10:37', NULL),
(110, 'SAMARANAYAKA UDCM', '16/ENG/089', NULL, '$2y$10$VkJNu1nVawPBVevuVdW8TOdFggetkw3WRrk7qR73Jh4crlOxh9xoS', NULL, '2020-01-04 00:10:37', '2020-01-04 00:10:37', NULL),
(111, 'SANAS MF', '16/ENG/090', NULL, '$2y$10$fWoO5cqIkg3kRyf0qp8KduAF/J3JtRIEbah103R3iljGv3AecP9aO', NULL, '2020-01-04 00:10:37', '2020-01-04 00:10:37', NULL),
(112, 'SANCHAYAN S', '16/ENG/091', NULL, '$2y$10$3Xs23E4I167d1Wn/apON9.R3mSa3hY4P4uhlul8jA8j5cXJQAU7q6', NULL, '2020-01-04 00:10:37', '2020-01-04 00:10:37', NULL),
(113, 'SANJULA DASN', '16/ENG/092', NULL, '$2y$10$fBfOof3I6fooNOZ9ydjje.87I/EzFHq1M60HCkJWgXWATyM1xYe9m', NULL, '2020-01-04 00:10:37', '2020-01-04 00:10:37', NULL),
(114, 'SATHISCHANDRA', '16/ENG/093', NULL, '$2y$10$8bK.1lb1RcG/zlxypS3PIe5mzla.nV58KnyoUt6KmKiEB/zcJu1X.', NULL, '2020-01-04 00:10:38', '2020-01-04 00:10:38', NULL),
(115, 'SENNANAYAKA SS', '16/ENG/094', NULL, '$2y$10$u7to8TG9ZXFkPQkfyvSLuO2oRxZ2ZK8t7eaLd13ikU2WjnVxr7ETS', NULL, '2020-01-04 00:10:38', '2020-01-04 00:10:38', NULL),
(116, 'SEDURAN R', '16/ENG/095', NULL, '$2y$10$1mj1Zn5x2ju074iz80ZYA.amkLUw1NIpe4G6WgDAD/OykQ4eKh8F.', NULL, '2020-01-04 00:10:38', '2020-01-04 00:10:38', NULL),
(117, 'SERAN S', '16/ENG/096', NULL, '$2y$10$a/rhUo0ZCyc4649Qm1p3rOxK/LrKEp0zen7RACZKlb/wU.Ek.ErB.', NULL, '2020-01-04 00:10:38', '2020-01-04 00:10:38', NULL),
(118, 'SIRIWARDHANA AHMS', '16/ENG/097', NULL, '$2y$10$ws/JYR2aDf5ZsfevXngeI.Cqwc8GOM5H6y64eqxqlZM6FWKbzFMP2', NULL, '2020-01-04 00:10:38', '2020-01-04 00:10:38', NULL),
(119, 'SUWAWEERA SMDV', '16/ENG/098', NULL, '$2y$10$izyFr3CqfCWvTjncZqXEF.kMY8qzzcx6Rl7xaRt6x7ais6.ifUSpy', NULL, '2020-01-04 00:10:38', '2020-01-04 00:10:38', NULL),
(120, 'TENARANSE R', '16/ENG/099', NULL, '$2y$10$9YoyRHZNIthx6gJaLJz3/uNyEzYhLes0Q7u97yvDYo7HniVFXjrVq', NULL, '2020-01-04 00:10:38', '2020-01-04 00:10:38', NULL),
(121, 'THEWANAN KUMARAN', '16/ENG/100', NULL, '$2y$10$qYK0ACSGNj9.Hf6C3ZW4JeQtdEedtjv3GJTacpzMN77uI/ER54xxm', NULL, '2020-01-04 00:10:38', '2020-01-04 00:10:38', NULL),
(122, 'THILAKARATHNE MSUE', '16/ENG/101', NULL, '$2y$10$rZkozltz9jgwGzdN65FI0e.ivTNhSF5fUSXhD2TumNKAnogur9Hzm', NULL, '2020-01-04 00:10:39', '2020-01-04 00:10:39', NULL),
(123, 'VIBHEESHANA NES', '16/ENG/103', NULL, '$2y$10$imE8RxCct431XHnK8e4J.e/Y1nqcNha3uDFl7jND37V7MBs8pn5Q2', NULL, '2020-01-04 00:10:39', '2020-01-04 00:10:39', NULL),
(124, 'VINUJA S', '16/ENG/104', NULL, '$2y$10$zLpnmQVY5J1lSzrRe56ojOSTmCSesvP/LAdbHeP4TMw3JjX/dYok.', NULL, '2020-01-04 00:10:39', '2020-01-04 00:10:39', NULL),
(125, 'WANNINAYAKA WMS', '16/ENG/105', NULL, '$2y$10$UYONjm2H2SPkGa7FPPK1v.lbd6NiSBW4VnZX/tX/l7EepFIjv03WW', NULL, '2020-01-04 00:10:39', '2020-01-04 00:10:39', NULL),
(126, 'WASALAMUDALI OPWMH', '16/ENG/106', NULL, '$2y$10$502BD473og7UGLRjwsSueOHBz8vQP1EGI38KY4WyTsT6vVxjRZ2AG', NULL, '2020-01-04 00:10:39', '2020-01-04 00:10:39', NULL),
(127, 'WEERAKKOODI WDP', '16/ENG/107', NULL, '$2y$10$b0spdGnWA7oTjtQWQ9.2I.8oyq/Bficyd3fGiW28SbaH1dcvfN736', NULL, '2020-01-04 00:10:39', '2020-01-04 00:10:39', NULL),
(128, 'WEERAKOON WMDKC', '16/ENG/108', NULL, '$2y$10$FCVMLeIFsV5b0Mo9OyMFeObUZNottUDseybYAx8O1ybSpC2ak74MG', NULL, '2020-01-04 00:10:39', '2020-01-04 00:10:39', NULL),
(129, 'WEERASINGHA WND', '16/ENG/109', NULL, '$2y$10$98HPVlfBFxICRSO82mDQXOJhm8Gcrox9kdFRJZGGu19CaNKjyUFHG', NULL, '2020-01-04 00:10:40', '2020-01-04 00:10:40', NULL),
(130, 'WERALIYADDA RMRB', '16/ENG/110', NULL, '$2y$10$wsaGhEyImyLleTqI4MKe1./dRkEKmjnjr9C/2q2ctzhYLOWph10K.', NULL, '2020-01-04 00:10:40', '2020-01-04 00:10:40', NULL),
(131, 'WICRAMARATHNA GDN', '16/ENG/111', NULL, '$2y$10$ujcLWta7/boKAURDPX9RyORakRGuMGYCKrclspxwk.XcZy83mv5bi', NULL, '2020-01-04 00:10:40', '2020-01-04 00:10:40', NULL),
(132, 'WICRAMASING WMHCDS', '16/ENG/113', NULL, '$2y$10$tn6dpXP2jNkT0a.880LEYu6YoAOEb6YxVH7asgChqlQdIxRdJ6sk.', NULL, '2020-01-04 00:10:40', '2020-01-04 00:10:40', NULL),
(133, 'WIJERATHNE BMDS', '16/ENG/114', NULL, '$2y$10$LRWW/bwHabr5Mj9yF3pPVeQmtryQiHsBiValPuludJg3Cj2/vfc/W', NULL, '2020-01-04 00:10:40', '2020-01-04 00:10:40', NULL),
(134, 'WIRAJITH JAD', '16/ENG/115', NULL, '$2y$10$9.z1hZNNZYo0d0qXnOTMse7FxuJ5t2osusGCk5Ckw41SoSm.4nqBq', NULL, '2020-01-04 00:10:40', '2020-01-04 00:10:40', NULL),
(135, 'YASEERA MSM', '16/ENG/116', NULL, '$2y$10$VYqbLwtD23YShZtjZX7bUeCoUPFjW7ZMybG0jmMEyamdlZCJ3LUAe', NULL, '2020-01-04 00:10:40', '2020-01-04 00:10:40', NULL),
(136, 'ABEWICHARAMA DAI', '16/ENG/117', NULL, '$2y$10$5lNCidCL.0DntdtcLUnA/uiuzoj/OJbZxEKCECJZVnEodvcnEql.e', NULL, '2020-01-04 00:10:40', '2020-01-04 00:10:40', NULL),
(137, 'DE SILVA KMS', '16/ENG/118', NULL, '$2y$10$9Iwxlosv909ReMec1KYtJubJcdGyfqnNWNTAs5UJnEhdl715iB5Xa', NULL, '2020-01-04 00:10:41', '2020-01-04 00:10:41', NULL),
(138, 'THAVARAJA E', '16/ENG/119', NULL, '$2y$10$kVhbFHJNfsZxzxC6DmoDNe27QjK691kMBcCtNQ6GnSFJv7DCkMWly', NULL, '2020-01-04 00:10:41', '2020-01-04 00:10:41', NULL),
(139, 'AHMED AH', '16/ENG/120', NULL, '$2y$10$wn7FHGMogDQ6/GJbk0w8.OSnCLk6XOomyIFkZ7q5KoUE.E.eo2D3C', NULL, '2020-01-04 00:10:41', '2020-01-04 00:10:41', NULL),
(140, 'PERERA ULAD', '16/ENG/121', NULL, '$2y$10$Yz/NRZHD9WGfzoRBnM3UH.uyGYjjgWYAtm/KUl3AyGpztbyBDXHZK', NULL, '2020-01-04 00:10:41', '2020-01-04 00:10:41', NULL),
(141, 'SUBASIRI CD', '16/ENG/122', NULL, '$2y$10$K/eOyXnwTj2DpEst4ivoHOYuLX9lGqt3pjB6QUw.4nfgW5KYF8Ee6', NULL, '2020-01-04 00:10:41', '2020-01-04 00:10:41', NULL),
(142, 'WITHANACHCHI KWND', '16/ENG/123', NULL, '$2y$10$MAvUhvcK6cdjiiY8Mkj8MenFzQS//FklLKqiJtaHfQNDS2vxJmFBS', NULL, '2020-01-04 00:10:41', '2020-01-04 00:10:41', NULL),
(143, 'NATHEEM MNM', '16/ENG/124', NULL, '$2y$10$3w0cYbUgjrEmM0lG9lYNd.5OkmFNlxBv6XaJ1arapkWZHGo9UM3Me', NULL, '2020-01-04 00:10:41', '2020-01-04 00:10:41', NULL),
(144, 'AASIF LM', '16/ENG/125', NULL, '$2y$10$QHnP./YgFN9.DT4cGIOqquybpIve9/A8JcYvzWN4gSCanusMgaQfa', NULL, '2020-01-04 00:10:41', '2020-01-04 00:10:41', NULL),
(145, 'SUBNUM MNSM', '16/ENG/126', NULL, '$2y$10$P6r66p9TQbH6Obt3DpL3YuNSlquDxMAadTdK4EpqzBkiLXPenBIJq', NULL, '2020-01-04 00:10:42', '2020-01-04 00:10:42', NULL),
(146, 'AURANGA SS', '16/ENG/127', NULL, '$2y$10$fGPiw2CNbADi4IMpLtl9Zuw5D0pML.Q0Fvf4adbGejQXyl1wjwl5i', NULL, '2020-01-04 00:10:42', '2020-01-04 00:10:42', NULL);

--
-- Indexes for dumped tables
--

--
-- Indexes for table `batch`
--
ALTER TABLE `batch`
  ADD PRIMARY KEY (`year`);

--
-- Indexes for table `course`
--
ALTER TABLE `course`
  ADD PRIMARY KEY (`courceCode`),
  ADD KEY `depCode` (`depCode`);

--
-- Indexes for table `data`
--
ALTER TABLE `data`
  ADD PRIMARY KEY (`id`);

--
-- Indexes for table `department`
--
ALTER TABLE `department`
  ADD PRIMARY KEY (`dep_code`);

--
-- Indexes for table `elective`
--
ALTER TABLE `elective`
  ADD PRIMARY KEY (`eid`),
  ADD KEY `sdid` (`sdid`),
  ADD KEY `courceCode` (`courceCode`);

--
-- Indexes for table `enroll`
--
ALTER TABLE `enroll`
  ADD PRIMARY KEY (`indexNo`,`couceCode`),
  ADD KEY `couceCode` (`couceCode`),
  ADD KEY `sid` (`sid`);

--
-- Indexes for table `includesminor`
--
ALTER TABLE `includesminor`
  ADD PRIMARY KEY (`mid`,`courceCode`),
  ADD KEY `courceCode` (`courceCode`);

--
-- Indexes for table `migrations`
--
ALTER TABLE `migrations`
  ADD PRIMARY KEY (`id`);

--
-- Indexes for table `minor`
--
ALTER TABLE `minor`
  ADD PRIMARY KEY (`mid`),
  ADD KEY `dep_code` (`dep_code`);

--
-- Indexes for table `oauth_access_tokens`
--
ALTER TABLE `oauth_access_tokens`
  ADD PRIMARY KEY (`id`),
  ADD KEY `oauth_access_tokens_user_id_index` (`user_id`);

--
-- Indexes for table `oauth_auth_codes`
--
ALTER TABLE `oauth_auth_codes`
  ADD PRIMARY KEY (`id`);

--
-- Indexes for table `oauth_clients`
--
ALTER TABLE `oauth_clients`
  ADD PRIMARY KEY (`id`),
  ADD KEY `oauth_clients_user_id_index` (`user_id`);

--
-- Indexes for table `oauth_personal_access_clients`
--
ALTER TABLE `oauth_personal_access_clients`
  ADD PRIMARY KEY (`id`),
  ADD KEY `oauth_personal_access_clients_client_id_index` (`client_id`);

--
-- Indexes for table `oauth_refresh_tokens`
--
ALTER TABLE `oauth_refresh_tokens`
  ADD PRIMARY KEY (`id`),
  ADD KEY `oauth_refresh_tokens_access_token_id_index` (`access_token_id`);

--
-- Indexes for table `optionals`
--
ALTER TABLE `optionals`
  ADD PRIMARY KEY (`oid`),
  ADD KEY `cource_code` (`cource_code`),
  ADD KEY `sdid` (`sdid`),
  ADD KEY `dep_code` (`dep_code`);

--
-- Indexes for table `password_resets`
--
ALTER TABLE `password_resets`
  ADD KEY `password_resets_email_index` (`email`);

--
-- Indexes for table `semcordinate`
--
ALTER TABLE `semcordinate`
  ADD PRIMARY KEY (`sdid`,`courceCode`),
  ADD KEY `courceCode` (`courceCode`);

--
-- Indexes for table `semester`
--
ALTER TABLE `semester`
  ADD PRIMARY KEY (`sid`),
  ADD KEY `year` (`year`),
  ADD KEY `sdid` (`sdid`);

--
-- Indexes for table `sem_cordinates`
--
ALTER TABLE `sem_cordinates`
  ADD PRIMARY KEY (`id`);

--
-- Indexes for table `sem_details`
--
ALTER TABLE `sem_details`
  ADD PRIMARY KEY (`sdid`),
  ADD KEY `dep_code` (`dep_code`);

--
-- Indexes for table `student`
--
ALTER TABLE `student`
  ADD PRIMARY KEY (`indexNo`),
  ADD KEY `dep_code` (`dep_code`),
  ADD KEY `year` (`year`);

--
-- Indexes for table `users`
--
ALTER TABLE `users`
  ADD PRIMARY KEY (`id`),
  ADD UNIQUE KEY `users_email_unique` (`email`);

--
-- AUTO_INCREMENT for dumped tables
--

--
-- AUTO_INCREMENT for table `data`
--
ALTER TABLE `data`
  MODIFY `id` int(10) UNSIGNED NOT NULL AUTO_INCREMENT;

--
-- AUTO_INCREMENT for table `migrations`
--
ALTER TABLE `migrations`
  MODIFY `id` int(10) UNSIGNED NOT NULL AUTO_INCREMENT, AUTO_INCREMENT=10;

--
-- AUTO_INCREMENT for table `oauth_clients`
--
ALTER TABLE `oauth_clients`
  MODIFY `id` int(10) UNSIGNED NOT NULL AUTO_INCREMENT, AUTO_INCREMENT=3;

--
-- AUTO_INCREMENT for table `oauth_personal_access_clients`
--
ALTER TABLE `oauth_personal_access_clients`
  MODIFY `id` int(10) UNSIGNED NOT NULL AUTO_INCREMENT, AUTO_INCREMENT=2;

--
-- AUTO_INCREMENT for table `semester`
--
ALTER TABLE `semester`
  MODIFY `sid` int(5) NOT NULL AUTO_INCREMENT, AUTO_INCREMENT=65;

--
-- AUTO_INCREMENT for table `sem_cordinates`
--
ALTER TABLE `sem_cordinates`
  MODIFY `id` int(10) UNSIGNED NOT NULL AUTO_INCREMENT;

--
-- AUTO_INCREMENT for table `users`
--
ALTER TABLE `users`
  MODIFY `id` int(10) UNSIGNED NOT NULL AUTO_INCREMENT, AUTO_INCREMENT=148;

--
-- Constraints for dumped tables
--

--
-- Constraints for table `course`
--
ALTER TABLE `course`
  ADD CONSTRAINT `course_ibfk_1` FOREIGN KEY (`depCode`) REFERENCES `department` (`dep_code`);

--
-- Constraints for table `elective`
--
ALTER TABLE `elective`
  ADD CONSTRAINT `elective_ibfk_2` FOREIGN KEY (`sdid`) REFERENCES `sem_details` (`sdid`),
  ADD CONSTRAINT `elective_ibfk_3` FOREIGN KEY (`courceCode`) REFERENCES `course` (`courceCode`);

--
-- Constraints for table `enroll`
--
ALTER TABLE `enroll`
  ADD CONSTRAINT `enroll_ibfk_1` FOREIGN KEY (`couceCode`) REFERENCES `course` (`courceCode`),
  ADD CONSTRAINT `enroll_ibfk_2` FOREIGN KEY (`indexNo`) REFERENCES `student` (`indexNo`),
  ADD CONSTRAINT `enroll_ibfk_3` FOREIGN KEY (`sid`) REFERENCES `semester` (`sid`);

--
-- Constraints for table `includesminor`
--
ALTER TABLE `includesminor`
  ADD CONSTRAINT `includesminor_ibfk_1` FOREIGN KEY (`mid`) REFERENCES `minor` (`mid`),
  ADD CONSTRAINT `includesminor_ibfk_2` FOREIGN KEY (`courceCode`) REFERENCES `course` (`courceCode`);

--
-- Constraints for table `minor`
--
ALTER TABLE `minor`
  ADD CONSTRAINT `minor_ibfk_1` FOREIGN KEY (`dep_code`) REFERENCES `department` (`dep_code`);

--
-- Constraints for table `optionals`
--
ALTER TABLE `optionals`
  ADD CONSTRAINT `optionals_ibfk_1` FOREIGN KEY (`cource_code`) REFERENCES `course` (`courceCode`),
  ADD CONSTRAINT `optionals_ibfk_2` FOREIGN KEY (`sdid`) REFERENCES `sem_details` (`sdid`),
  ADD CONSTRAINT `optionals_ibfk_3` FOREIGN KEY (`dep_code`) REFERENCES `department` (`dep_code`);

--
-- Constraints for table `semcordinate`
--
ALTER TABLE `semcordinate`
  ADD CONSTRAINT `semcordinate_ibfk_1` FOREIGN KEY (`sdid`) REFERENCES `sem_details` (`sdid`),
  ADD CONSTRAINT `semcordinate_ibfk_2` FOREIGN KEY (`courceCode`) REFERENCES `course` (`courceCode`);

--
-- Constraints for table `semester`
--
ALTER TABLE `semester`
  ADD CONSTRAINT `semester_ibfk_1` FOREIGN KEY (`year`) REFERENCES `batch` (`year`),
  ADD CONSTRAINT `semester_ibfk_2` FOREIGN KEY (`sdid`) REFERENCES `sem_details` (`sdid`);

--
-- Constraints for table `sem_details`
--
ALTER TABLE `sem_details`
  ADD CONSTRAINT `sem_details_ibfk_1` FOREIGN KEY (`dep_code`) REFERENCES `department` (`dep_code`);

--
-- Constraints for table `student`
--
ALTER TABLE `student`
  ADD CONSTRAINT `student_ibfk_1` FOREIGN KEY (`dep_code`) REFERENCES `department` (`dep_code`),
  ADD CONSTRAINT `student_ibfk_2` FOREIGN KEY (`year`) REFERENCES `batch` (`year`);
COMMIT;

/*!40101 SET CHARACTER_SET_CLIENT=@OLD_CHARACTER_SET_CLIENT */;
/*!40101 SET CHARACTER_SET_RESULTS=@OLD_CHARACTER_SET_RESULTS */;
/*!40101 SET COLLATION_CONNECTION=@OLD_COLLATION_CONNECTION */;
